datum,antwoord nummer,url
2017-01-04,2017D00072,https://zoek.officielebekendmakingen.nl/ah-tk-20162017-907
2017-01-04,2017D00055,https://zoek.officielebekendmakingen.nl/ah-tk-20162017-908
2017-01-04,2017D00070,https://zoek.officielebekendmakingen.nl/ah-tk-20162017-906
2017-01-04,2017D00075,https://zoek.officielebekendmakingen.nl/ah-tk-20162017-905
2017-01-09,2016D38533,https://zoek.officielebekendmakingen.nl/ah-tk-20162017-914
2017-01-10,2017D00264,https://zoek.officielebekendmakingen.nl/ah-tk-20162017-912
2017-01-10,2017D00263,https://zoek.officielebekendmakingen.nl/ah-tk-20162017-913
2017-01-11,2017D00423,https://zoek.officielebekendmakingen.nl/ah-tk-20162017-918
2017-01-12,2016D51070,https://zoek.officielebekendmakingen.nl/ah-tk-20162017-922
2017-01-12,2016D51084,https://zoek.officielebekendmakingen.nl/ah-tk-20162017-921
2017-01-12,2017D00446,https://zoek.officielebekendmakingen.nl/ah-tk-20162017-924
2017-01-12,2016D51093,https://zoek.officielebekendmakingen.nl/ah-tk-20162017-923
2017-01-13,2017D00561,https://zoek.officielebekendmakingen.nl/ah-tk-20162017-932
2017-01-13,2017D00541,https://zoek.officielebekendmakingen.nl/ah-tk-20162017-926
2017-01-16,2017D00629,https://zoek.officielebekendmakingen.nl/ah-tk-20162017-936
2017-01-16,2017D00626,https://zoek.officielebekendmakingen.nl/ah-tk-20162017-937
2017-01-16,2017D00623,https://zoek.officielebekendmakingen.nl/ah-tk-20162017-938
2017-01-16,2017D00628,https://zoek.officielebekendmakingen.nl/ah-tk-20162017-935
2017-01-17,2017D00828,https://zoek.officielebekendmakingen.nl/ah-tk-20162017-941
2017-01-17,2017D00753,https://zoek.officielebekendmakingen.nl/ah-tk-20162017-939
2017-01-17,2017D00780,https://zoek.officielebekendmakingen.nl/ah-tk-20162017-943
2017-01-17,2017D00861,https://zoek.officielebekendmakingen.nl/ah-tk-20162017-944
2017-01-17,2017D00895,https://zoek.officielebekendmakingen.nl/ah-tk-20162017-948
2017-01-17,2017D00847,https://zoek.officielebekendmakingen.nl/ah-tk-20162017-942
2017-01-17,2017D00871,https://zoek.officielebekendmakingen.nl/ah-tk-20162017-950
2017-01-17,2017D00869,https://zoek.officielebekendmakingen.nl/ah-tk-20162017-949
2017-01-17,2017D00894,https://zoek.officielebekendmakingen.nl/ah-tk-20162017-947
2017-01-17,2017D00860,https://zoek.officielebekendmakingen.nl/ah-tk-20162017-945
2017-01-17,2017D00768,https://zoek.officielebekendmakingen.nl/ah-tk-20162017-951
2017-01-17,2017D00922,https://zoek.officielebekendmakingen.nl/ah-tk-20162017-958
2017-01-17,2016D51081,https://zoek.officielebekendmakingen.nl/ah-tk-20162017-946
2017-01-18,2017D00952,https://zoek.officielebekendmakingen.nl/ah-tk-20162017-960
2017-01-18,2017D01045,https://zoek.officielebekendmakingen.nl/ah-tk-20162017-1114
2017-01-18,2017D01076,https://zoek.officielebekendmakingen.nl/ah-tk-20162017-967
2017-01-18,2017D00947,https://zoek.officielebekendmakingen.nl/ah-tk-20162017-959
2017-01-18,2017D01049,https://zoek.officielebekendmakingen.nl/ah-tk-20162017-973
2017-01-18,2017D01194,https://zoek.officielebekendmakingen.nl/ah-tk-20162017-971
2017-01-18,2017D01046,https://zoek.officielebekendmakingen.nl/ah-tk-20162017-975
2017-01-18,2017D00938,https://zoek.officielebekendmakingen.nl/ah-tk-20162017-961
2017-01-18,2017D00972,https://zoek.officielebekendmakingen.nl/ah-tk-20162017-969
2017-01-18,2017D01050,https://zoek.officielebekendmakingen.nl/ah-tk-20162017-963
2017-01-18,2017D00967,https://zoek.officielebekendmakingen.nl/ah-tk-20162017-972
2017-01-18,2017D01027,https://zoek.officielebekendmakingen.nl/ah-tk-20162017-974
2017-01-18,2017D00978,https://zoek.officielebekendmakingen.nl/ah-tk-20162017-976
2017-01-19,2017D01205,https://zoek.officielebekendmakingen.nl/ah-tk-20162017-977
2017-01-19,2017D00893,https://zoek.officielebekendmakingen.nl/ah-tk-20162017-989
2017-01-20,2017D01508,https://zoek.officielebekendmakingen.nl/ah-tk-20162017-994
2017-01-20,2017D00876,https://zoek.officielebekendmakingen.nl/ah-tk-20162017-995
2017-01-20,2017D01465,https://zoek.officielebekendmakingen.nl/ah-tk-20162017-986
2017-01-20,2017D00877,https://zoek.officielebekendmakingen.nl/ah-tk-20162017-993
2017-01-20,2017D01458,https://zoek.officielebekendmakingen.nl/ah-tk-20162017-987
2017-01-20,2017D01349,https://zoek.officielebekendmakingen.nl/ah-tk-20162017-988
2017-01-20,2017D01350,https://zoek.officielebekendmakingen.nl/ah-tk-20162017-983
2017-01-20,2017D01342,https://zoek.officielebekendmakingen.nl/ah-tk-20162017-984
2017-01-20,2017D00838,https://zoek.officielebekendmakingen.nl/ah-tk-20162017-992
2017-01-20,2017D01289,https://zoek.officielebekendmakingen.nl/ah-tk-20162017-982
2017-01-20,2017D00837,https://zoek.officielebekendmakingen.nl/ah-tk-20162017-991
2017-01-20,2017D01466,https://zoek.officielebekendmakingen.nl/ah-tk-20162017-985
2017-01-23,2017D01409,https://zoek.officielebekendmakingen.nl/ah-tk-20162017-999
2017-01-23,2017D01721,https://zoek.officielebekendmakingen.nl/ah-tk-20162017-1005
2017-01-23,2017D01490,https://zoek.officielebekendmakingen.nl/ah-tk-20162017-1002
2017-01-23,2017D01751,https://zoek.officielebekendmakingen.nl/ah-tk-20162017-1006
2017-01-23,2017D01407,https://zoek.officielebekendmakingen.nl/ah-tk-20162017-1000
2017-01-23,2017D01750,https://zoek.officielebekendmakingen.nl/ah-tk-20162017-1004
2017-01-23,2017D01753,https://zoek.officielebekendmakingen.nl/ah-tk-20162017-998
2017-01-23,2017D01723,https://zoek.officielebekendmakingen.nl/ah-tk-20162017-1007
2017-01-23,2017D01726,https://zoek.officielebekendmakingen.nl/ah-tk-20162017-1001
2017-01-24,2017D01845,https://zoek.officielebekendmakingen.nl/ah-tk-20162017-1016
2017-01-24,2017D01857,https://zoek.officielebekendmakingen.nl/ah-tk-20162017-1014
2017-01-24,2017D02016,https://zoek.officielebekendmakingen.nl/ah-tk-20162017-1010
2017-01-24,2017D01904,https://zoek.officielebekendmakingen.nl/ah-tk-20162017-1012
2017-01-24,2017D01976,https://zoek.officielebekendmakingen.nl/ah-tk-20162017-1011
2017-01-24,2017D01854,https://zoek.officielebekendmakingen.nl/ah-tk-20162017-1015
2017-01-25,2017D01722,https://zoek.officielebekendmakingen.nl/ah-tk-20162017-1037
2017-01-25,2017D02121,
2017-01-25,2017D02040,https://zoek.officielebekendmakingen.nl/ah-tk-20162017-1026
2017-01-25,2017D01799,https://zoek.officielebekendmakingen.nl/ah-tk-20162017-1038
2017-01-25,2017D02047,https://zoek.officielebekendmakingen.nl/ah-tk-20162017-1017
2017-01-25,2017D01991,https://zoek.officielebekendmakingen.nl/ah-tk-20162017-1043
2017-01-25,2017D02049,https://zoek.officielebekendmakingen.nl/ah-tk-20162017-1036
2017-01-25,2017D01929,https://zoek.officielebekendmakingen.nl/ah-tk-20162017-1040
2017-01-25,2017D01970,https://zoek.officielebekendmakingen.nl/ah-tk-20162017-1034
2017-01-25,2017D01886,https://zoek.officielebekendmakingen.nl/ah-tk-20162017-1021
2017-01-25,2017D01985,https://zoek.officielebekendmakingen.nl/ah-tk-20162017-1024
2017-01-25,2017D01882,https://zoek.officielebekendmakingen.nl/ah-tk-20162017-1023
2017-01-25,2017D02078,https://zoek.officielebekendmakingen.nl/ah-tk-20162017-1041
2017-01-25,2017D02051,https://zoek.officielebekendmakingen.nl/ah-tk-20162017-1035
2017-01-25,2017D02042,https://zoek.officielebekendmakingen.nl/ah-tk-20162017-1025
2017-01-25,2017D01855,https://zoek.officielebekendmakingen.nl/ah-tk-20162017-1039
2017-01-26,2017D02258,https://zoek.officielebekendmakingen.nl/ah-tk-20162017-1028
2017-01-26,2017D02267,https://zoek.officielebekendmakingen.nl/ah-tk-20162017-1031
2017-01-26,2017D02257,https://zoek.officielebekendmakingen.nl/ah-tk-20162017-1027
2017-01-26,2017D02216,https://zoek.officielebekendmakingen.nl/ah-tk-20162017-1030
2017-01-26,2017D02207,https://zoek.officielebekendmakingen.nl/ah-tk-20162017-1020
2017-01-26,2017D02170,https://zoek.officielebekendmakingen.nl/ah-tk-20162017-1033
2017-01-26,2017D02154,https://zoek.officielebekendmakingen.nl/ah-tk-20162017-1019
2017-01-26,2017D02175,https://zoek.officielebekendmakingen.nl/ah-tk-20162017-1018
2017-01-26,2017D02211,https://zoek.officielebekendmakingen.nl/ah-tk-20162017-1029
2017-01-27,2017D02525,https://zoek.officielebekendmakingen.nl/ah-tk-20162017-1057
2017-01-27,2017D02507,https://zoek.officielebekendmakingen.nl/ah-tk-20162017-1065
2017-01-27,2017D02209,https://zoek.officielebekendmakingen.nl/ah-tk-20162017-1050
2017-01-27,2017D02523,https://zoek.officielebekendmakingen.nl/ah-tk-20162017-1059
2017-01-27,2017D02179,https://zoek.officielebekendmakingen.nl/ah-tk-20162017-1055
2017-01-27,2017D02352,https://zoek.officielebekendmakingen.nl/ah-tk-20162017-1045
2017-01-27,2017D02509,https://zoek.officielebekendmakingen.nl/ah-tk-20162017-1064
2017-01-27,2017D02414,https://zoek.officielebekendmakingen.nl/ah-tk-20162017-1058
2017-01-27,2017D02322,https://zoek.officielebekendmakingen.nl/ah-tk-20162017-1054
2017-01-27,2017D02506,https://zoek.officielebekendmakingen.nl/ah-tk-20162017-1063
2017-01-27,2017D02239,https://zoek.officielebekendmakingen.nl/ah-tk-20162017-1062
2017-01-27,2017D02353,https://zoek.officielebekendmakingen.nl/ah-tk-20162017-1047
2017-01-27,2017D02243,https://zoek.officielebekendmakingen.nl/ah-tk-20162017-1061
2017-01-27,2017D02390,https://zoek.officielebekendmakingen.nl/ah-tk-20162017-1049
2017-01-27,2017D02500,https://zoek.officielebekendmakingen.nl/ah-tk-20162017-1066
2017-01-27,2017D02300,https://zoek.officielebekendmakingen.nl/ah-tk-20162017-1052
2017-01-27,2017D02374,https://zoek.officielebekendmakingen.nl/ah-tk-20162017-1051
2017-01-27,2017D02291,https://zoek.officielebekendmakingen.nl/ah-tk-20162017-1053
2017-01-30,2017D02731,https://zoek.officielebekendmakingen.nl/ah-tk-20162017-1082
2017-01-30,2017D01868,https://zoek.officielebekendmakingen.nl/ah-tk-20162017-1075
2017-01-30,2017D02622,https://zoek.officielebekendmakingen.nl/ah-tk-20162017-1074
2017-01-30,2017D02637,https://zoek.officielebekendmakingen.nl/ah-tk-20162017-1073
2017-01-30,2017D02511,https://zoek.officielebekendmakingen.nl/ah-tk-20162017-1068
2017-01-30,2017D02629,https://zoek.officielebekendmakingen.nl/ah-tk-20162017-1067
2017-01-30,2017D02518,https://zoek.officielebekendmakingen.nl/ah-tk-20162017-1083
2017-01-30,2017D02616,https://zoek.officielebekendmakingen.nl/ah-tk-20162017-1084
2017-01-30,2017D02640,https://zoek.officielebekendmakingen.nl/ah-tk-20162017-1048
2017-01-30,2017D02639,https://zoek.officielebekendmakingen.nl/ah-tk-20162017-1072
2017-01-30,2017D02536,https://zoek.officielebekendmakingen.nl/ah-tk-20162017-1070
2017-01-30,2017D02615,https://zoek.officielebekendmakingen.nl/ah-tk-20162017-1071
2017-01-30,2017D02578,https://zoek.officielebekendmakingen.nl/ah-tk-20162017-1069
2017-01-31,2017D02761,https://zoek.officielebekendmakingen.nl/ah-tk-20162017-1077
2017-01-31,2017D02782,https://zoek.officielebekendmakingen.nl/ah-tk-20162017-1078
2017-01-31,2017D02752,https://zoek.officielebekendmakingen.nl/ah-tk-20162017-1080
2017-01-31,2017D02749,https://zoek.officielebekendmakingen.nl/ah-tk-20162017-1081
2017-02-01,2017D02939,https://zoek.officielebekendmakingen.nl/ah-tk-20162017-1105
2017-02-01,2017D03047,https://zoek.officielebekendmakingen.nl/ah-tk-20162017-1115
2017-02-01,2017D03011,https://zoek.officielebekendmakingen.nl/ah-tk-20162017-1094
2017-02-01,2017D02900,https://zoek.officielebekendmakingen.nl/ah-tk-20162017-1098
2017-02-01,2017D02878,https://zoek.officielebekendmakingen.nl/ah-tk-20162017-1100
2017-02-01,2017D02921,https://zoek.officielebekendmakingen.nl/ah-tk-20162017-1096
2017-02-01,2017D02892,https://zoek.officielebekendmakingen.nl/ah-tk-20162017-1088
2017-02-01,2017D02869,https://zoek.officielebekendmakingen.nl/ah-tk-20162017-1103
2017-02-01,2017D03927,https://zoek.officielebekendmakingen.nl/ah-tk-20162017-1318
2017-02-01,2017D03015,https://zoek.officielebekendmakingen.nl/ah-tk-20162017-1108
2017-02-01,2017D02868,https://zoek.officielebekendmakingen.nl/ah-tk-20162017-1104
2017-02-01,2017D06993,https://zoek.officielebekendmakingen.nl/ah-tk-20162017-1327
2017-02-01,2017D02865,https://zoek.officielebekendmakingen.nl/ah-tk-20162017-1085
2017-02-01,2017D03847,https://zoek.officielebekendmakingen.nl/ah-tk-20162017-1317
2017-02-01,2017D03928,https://zoek.officielebekendmakingen.nl/ah-tk-20162017-1319
2017-02-01,2017D02874,https://zoek.officielebekendmakingen.nl/ah-tk-20162017-1102
2017-02-01,2017D03034,https://zoek.officielebekendmakingen.nl/ah-tk-20162017-1107
2017-02-01,2017D02893,https://zoek.officielebekendmakingen.nl/ah-tk-20162017-1101
2017-02-01,2017D03031,https://zoek.officielebekendmakingen.nl/ah-tk-20162017-1106
2017-02-01,2017D02811,https://zoek.officielebekendmakingen.nl/ah-tk-20162017-1090
2017-02-01,2017D02850,https://zoek.officielebekendmakingen.nl/ah-tk-20162017-1092
2017-02-01,2017D02897,https://zoek.officielebekendmakingen.nl/ah-tk-20162017-1099
2017-02-01,2017D02863,https://zoek.officielebekendmakingen.nl/ah-tk-20162017-1086
2017-02-01,2017D02913,https://zoek.officielebekendmakingen.nl/ah-tk-20162017-1087
2017-02-01,2017D02808,https://zoek.officielebekendmakingen.nl/ah-tk-20162017-1091
2017-02-01,2017D02991,https://zoek.officielebekendmakingen.nl/ah-tk-20162017-1095
2017-02-02,2017D03098,https://zoek.officielebekendmakingen.nl/ah-tk-20162017-1112
2017-02-02,2017D02910,https://zoek.officielebekendmakingen.nl/ah-tk-20162017-1111
2017-02-02,2017D03154,https://zoek.officielebekendmakingen.nl/ah-tk-20162017-1118
2017-02-02,2017D03073,https://zoek.officielebekendmakingen.nl/ah-tk-20162017-1109
2017-02-02,2017D02929,https://zoek.officielebekendmakingen.nl/ah-tk-20162017-1110
2017-02-02,2017D03204,https://zoek.officielebekendmakingen.nl/ah-tk-20162017-1117
2017-02-02,2017D03094,https://zoek.officielebekendmakingen.nl/ah-tk-20162017-1113
2017-02-02,2017D03250,https://zoek.officielebekendmakingen.nl/ah-tk-20162017-1119
2017-02-03,2017D03415,https://zoek.officielebekendmakingen.nl/ah-tk-20162017-1122
2017-02-03,2017D03419,https://zoek.officielebekendmakingen.nl/ah-tk-20162017-1121
2017-02-03,2017D03502,https://zoek.officielebekendmakingen.nl/ah-tk-20162017-1123
2017-02-03,2017D03388,https://zoek.officielebekendmakingen.nl/ah-tk-20162017-1120
2017-02-03,2017D03477,https://zoek.officielebekendmakingen.nl/ah-tk-20162017-1124
2017-02-06,2017D03753,https://zoek.officielebekendmakingen.nl/ah-tk-20162017-1134
2017-02-06,2017D03644,https://zoek.officielebekendmakingen.nl/ah-tk-20162017-1132
2017-02-06,2017D02980,https://zoek.officielebekendmakingen.nl/ah-tk-20162017-1131
2017-02-06,2017D03437,https://zoek.officielebekendmakingen.nl/ah-tk-20162017-1130
2017-02-07,2017D03776,https://zoek.officielebekendmakingen.nl/ah-tk-20162017-1135
2017-02-07,2017D03757,https://zoek.officielebekendmakingen.nl/ah-tk-20162017-1148
2017-02-07,2017D03860,https://zoek.officielebekendmakingen.nl/ah-tk-20162017-1145
2017-02-07,2017D03748,https://zoek.officielebekendmakingen.nl/ah-tk-20162017-1144
2017-02-07,2017D03795,https://zoek.officielebekendmakingen.nl/ah-tk-20162017-1141
2017-02-07,2017D03789,https://zoek.officielebekendmakingen.nl/ah-tk-20162017-1140
2017-02-07,2017D03792,https://zoek.officielebekendmakingen.nl/ah-tk-20162017-1136
2017-02-07,2017D03754,https://zoek.officielebekendmakingen.nl/ah-tk-20162017-1143
2017-02-07,2017D03767,https://zoek.officielebekendmakingen.nl/ah-tk-20162017-1138
2017-02-07,2017D03794,https://zoek.officielebekendmakingen.nl/ah-tk-20162017-1142
2017-02-07,2017D03773,https://zoek.officielebekendmakingen.nl/ah-tk-20162017-1137
2017-02-07,2017D03758,https://zoek.officielebekendmakingen.nl/ah-tk-20162017-1147
2017-02-07,2017D03856,https://zoek.officielebekendmakingen.nl/ah-tk-20162017-1146
2017-02-08,2017D03992,https://zoek.officielebekendmakingen.nl/ah-tk-20162017-1157
2017-02-08,2017D04088,https://zoek.officielebekendmakingen.nl/ah-tk-20162017-1163
2017-02-08,2017D04087,https://zoek.officielebekendmakingen.nl/ah-tk-20162017-1164
2017-02-08,2017D03895,https://zoek.officielebekendmakingen.nl/ah-tk-20162017-1156
2017-02-08,2017D03974,https://zoek.officielebekendmakingen.nl/ah-tk-20162017-1161
2017-02-08,2017D03689,https://zoek.officielebekendmakingen.nl/ah-tk-20162017-1158
2017-02-08,2017D03867,https://zoek.officielebekendmakingen.nl/ah-tk-20162017-1149
2017-02-08,2017D04073,https://zoek.officielebekendmakingen.nl/ah-tk-20162017-1165
2017-02-08,2017D04052,https://zoek.officielebekendmakingen.nl/ah-tk-20162017-1153
2017-02-08,2017D04124,https://zoek.officielebekendmakingen.nl/ah-tk-20162017-1154
2017-02-08,2017D04033,https://zoek.officielebekendmakingen.nl/ah-tk-20162017-1166
2017-02-08,2017D04054,https://zoek.officielebekendmakingen.nl/ah-tk-20162017-1162
2017-02-09,2017D04349,https://zoek.officielebekendmakingen.nl/ah-tk-20162017-1173
2017-02-09,2017D04360,https://zoek.officielebekendmakingen.nl/ah-tk-20162017-1170
2017-02-09,2017D04260,https://zoek.officielebekendmakingen.nl/ah-tk-20162017-1160
2017-02-09,2017D04256,https://zoek.officielebekendmakingen.nl/ah-tk-20162017-1159
2017-02-09,2017D04145,https://zoek.officielebekendmakingen.nl/ah-tk-20162017-1172
2017-02-09,2017D04308,https://zoek.officielebekendmakingen.nl/ah-tk-20162017-1169
2017-02-09,2017D04259,https://zoek.officielebekendmakingen.nl/ah-tk-20162017-1168
2017-02-09,2017D04361,https://zoek.officielebekendmakingen.nl/ah-tk-20162017-1171
2017-02-10,2017D04468,https://zoek.officielebekendmakingen.nl/ah-tk-20162017-1175
2017-02-10,2017D04526,https://zoek.officielebekendmakingen.nl/ah-tk-20162017-1176
2017-02-10,2017D04473,https://zoek.officielebekendmakingen.nl/ah-tk-20162017-1174
2017-02-10,2017D04535,https://zoek.officielebekendmakingen.nl/ah-tk-20162017-1177
2017-02-13,2017D04424,https://zoek.officielebekendmakingen.nl/ah-tk-20162017-1185
2017-02-13,2017D04652,https://zoek.officielebekendmakingen.nl/ah-tk-20162017-1188
2017-02-13,2017D03846,https://zoek.officielebekendmakingen.nl/ah-tk-20162017-1190
2017-02-13,2017D03849,https://zoek.officielebekendmakingen.nl/ah-tk-20162017-1187
2017-02-13,2017D04673,https://zoek.officielebekendmakingen.nl/ah-tk-20162017-1182
2017-02-13,2017D04651,https://zoek.officielebekendmakingen.nl/ah-tk-20162017-1189
2017-02-13,2017D04555,https://zoek.officielebekendmakingen.nl/ah-tk-20162017-1181
2017-02-13,2017D04638,https://zoek.officielebekendmakingen.nl/ah-tk-20162017-1183
2017-02-13,2017D04641,https://zoek.officielebekendmakingen.nl/ah-tk-20162017-1184
2017-02-13,2017D03848,https://zoek.officielebekendmakingen.nl/ah-tk-20162017-1186
2017-02-14,2017D04871,https://zoek.officielebekendmakingen.nl/ah-tk-20162017-1197
2017-02-14,2017D04631,https://zoek.officielebekendmakingen.nl/ah-tk-20162017-1195
2017-02-14,2017D04748,https://zoek.officielebekendmakingen.nl/ah-tk-20162017-1194
2017-02-14,2017D04810,https://zoek.officielebekendmakingen.nl/ah-tk-20162017-1198
2017-02-14,2017D04743,https://zoek.officielebekendmakingen.nl/ah-tk-20162017-1192
2017-02-14,2017D04818,https://zoek.officielebekendmakingen.nl/ah-tk-20162017-1199
2017-02-14,2017D04767,https://zoek.officielebekendmakingen.nl/ah-tk-20162017-1200
2017-02-14,2017D04538,https://zoek.officielebekendmakingen.nl/ah-tk-20162017-1196
2017-02-14,2017D04799,https://zoek.officielebekendmakingen.nl/ah-tk-20162017-1385
2017-02-15,2017D05086,https://zoek.officielebekendmakingen.nl/ah-tk-20162017-1211
2017-02-15,2017D05052,https://zoek.officielebekendmakingen.nl/ah-tk-20162017-1205
2017-02-15,2017D05062,https://zoek.officielebekendmakingen.nl/ah-tk-20162017-1203
2017-02-15,2017D05059,https://zoek.officielebekendmakingen.nl/ah-tk-20162017-1204
2017-02-15,2017D05074,https://zoek.officielebekendmakingen.nl/ah-tk-20162017-1210
2017-02-15,2017D05219,https://zoek.officielebekendmakingen.nl/ah-tk-20162017-1212
2017-02-15,2017D05000,https://zoek.officielebekendmakingen.nl/ah-tk-20162017-1202
2017-02-15,2017D04933,https://zoek.officielebekendmakingen.nl/ah-tk-20162017-1201
2017-02-15,2017D05020,https://zoek.officielebekendmakingen.nl/ah-tk-20162017-1208
2017-02-15,2017D05050,https://zoek.officielebekendmakingen.nl/ah-tk-20162017-1207
2017-02-15,2017D05036,https://zoek.officielebekendmakingen.nl/ah-tk-20162017-1209
2017-02-15,2017D05044,https://zoek.officielebekendmakingen.nl/ah-tk-20162017-1206
2017-02-16,2017D05316,https://zoek.officielebekendmakingen.nl/ah-tk-20162017-1215
2017-02-16,2017D05324,https://zoek.officielebekendmakingen.nl/ah-tk-20162017-1219
2017-02-16,2017D05308,https://zoek.officielebekendmakingen.nl/ah-tk-20162017-1216
2017-02-16,2017D05160,https://zoek.officielebekendmakingen.nl/ah-tk-20162017-1218
2017-02-16,2017D04886,https://zoek.officielebekendmakingen.nl/ah-tk-20162017-1214
2017-02-16,2017D04902,https://zoek.officielebekendmakingen.nl/ah-tk-20162017-1213
2017-02-17,2017D05354,https://zoek.officielebekendmakingen.nl/ah-tk-20162017-1230
2017-02-17,2017D05323,https://zoek.officielebekendmakingen.nl/ah-tk-20162017-1220
2017-02-17,2017D04890,https://zoek.officielebekendmakingen.nl/ah-tk-20162017-1221
2017-02-17,2017D05439,https://zoek.officielebekendmakingen.nl/ah-tk-20162017-1217
2017-02-20,2017D05459,https://zoek.officielebekendmakingen.nl/ah-tk-20162017-1229
2017-02-20,2017D05710,https://zoek.officielebekendmakingen.nl/ah-tk-20162017-1233
2017-02-20,2017D05734,https://zoek.officielebekendmakingen.nl/ah-tk-20162017-1240
2017-02-20,2017D05722,https://zoek.officielebekendmakingen.nl/ah-tk-20162017-1235
2017-02-20,2017D05715,https://zoek.officielebekendmakingen.nl/ah-tk-20162017-1232
2017-02-20,2017D05655,https://zoek.officielebekendmakingen.nl/ah-tk-20162017-1228
2017-02-20,2017D05675,https://zoek.officielebekendmakingen.nl/ah-tk-20162017-1237
2017-02-20,2017D05670,https://zoek.officielebekendmakingen.nl/ah-tk-20162017-1238
2017-02-20,2017D05669,https://zoek.officielebekendmakingen.nl/ah-tk-20162017-1239
2017-02-20,2017D05714,https://zoek.officielebekendmakingen.nl/ah-tk-20162017-1231
2017-02-20,2017D05718,https://zoek.officielebekendmakingen.nl/ah-tk-20162017-1236
2017-02-21,2017D05881,https://zoek.officielebekendmakingen.nl/ah-tk-20162017-1244
2017-02-21,2017D06112,https://zoek.officielebekendmakingen.nl/ah-tk-20162017-1253
2017-02-21,2017D05843,https://zoek.officielebekendmakingen.nl/ah-tk-20162017-1245
2017-02-21,2017D05804,https://zoek.officielebekendmakingen.nl/ah-tk-20162017-1241
2017-02-21,2017D05802,https://zoek.officielebekendmakingen.nl/ah-tk-20162017-1247
2017-02-21,2017D05838,https://zoek.officielebekendmakingen.nl/ah-tk-20162017-1248
2017-02-21,2017D05807,https://zoek.officielebekendmakingen.nl/ah-tk-20162017-1242
2017-02-21,2017D05944,https://zoek.officielebekendmakingen.nl/ah-tk-20162017-1243
2017-02-22,2017D06296,https://zoek.officielebekendmakingen.nl/ah-tk-20162017-1250
2017-02-22,2017D06143,https://zoek.officielebekendmakingen.nl/ah-tk-20162017-1257
2017-02-22,2017D05991,https://zoek.officielebekendmakingen.nl/ah-tk-20162017-1260
2017-02-22,2017D06106,https://zoek.officielebekendmakingen.nl/ah-tk-20162017-1261
2017-02-22,2017D06160,https://zoek.officielebekendmakingen.nl/ah-tk-20162017-1256
2017-02-22,2017D06043,https://zoek.officielebekendmakingen.nl/ah-tk-20162017-1258
2017-02-22,2017D06127,https://zoek.officielebekendmakingen.nl/ah-tk-20162017-1255
2017-02-22,2017D06091,https://zoek.officielebekendmakingen.nl/ah-tk-20162017-1252
2017-02-22,2017D06871,https://zoek.officielebekendmakingen.nl/ah-tk-20162017-1269
2017-02-22,2017D05950,https://zoek.officielebekendmakingen.nl/ah-tk-20162017-1259
2017-02-22,2017D06125,https://zoek.officielebekendmakingen.nl/ah-tk-20162017-1254
2017-02-22,2017D06141,https://zoek.officielebekendmakingen.nl/ah-tk-20162017-1251
2017-02-22,2017D06087,https://zoek.officielebekendmakingen.nl/ah-tk-20162017-1249
2017-02-23,2017D06366,https://zoek.officielebekendmakingen.nl/ah-tk-20162017-1272
2017-02-23,2017D06445,https://zoek.officielebekendmakingen.nl/ah-tk-20162017-1273
2017-02-23,2017D06446,https://zoek.officielebekendmakingen.nl/ah-tk-20162017-1270
2017-02-23,2017D06426,https://zoek.officielebekendmakingen.nl/ah-tk-20162017-1274
2017-02-23,2017D06378,https://zoek.officielebekendmakingen.nl/ah-tk-20162017-1271
2017-02-23,2017D06268,https://zoek.officielebekendmakingen.nl/ah-tk-20162017-1264
2017-02-23,2017D06428,https://zoek.officielebekendmakingen.nl/ah-tk-20162017-1275
2017-02-23,2017D05327,https://zoek.officielebekendmakingen.nl/ah-tk-20162017-1266
2017-02-23,2017D06270,https://zoek.officielebekendmakingen.nl/ah-tk-20162017-1262
2017-02-23,2017D06269,https://zoek.officielebekendmakingen.nl/ah-tk-20162017-1263
2017-02-23,2017D06306,https://zoek.officielebekendmakingen.nl/ah-tk-20162017-1265
2017-02-23,2017D06436,https://zoek.officielebekendmakingen.nl/ah-tk-20162017-1276
2017-02-23,2017D06123,https://zoek.officielebekendmakingen.nl/ah-tk-20162017-1267
2017-02-24,2017D06490,https://zoek.officielebekendmakingen.nl/ah-tk-20162017-1282
2017-02-24,2017D06608,https://zoek.officielebekendmakingen.nl/ah-tk-20162017-1288
2017-02-24,2017D06773,https://zoek.officielebekendmakingen.nl/ah-tk-20162017-1277
2017-02-24,2017D06610,https://zoek.officielebekendmakingen.nl/ah-tk-20162017-1287
2017-02-24,2017D06528,https://zoek.officielebekendmakingen.nl/ah-tk-20162017-1278
2017-02-24,2017D06146,https://zoek.officielebekendmakingen.nl/ah-tk-20162017-1284
2017-02-24,2017D06563,https://zoek.officielebekendmakingen.nl/ah-tk-20162017-1280
2017-02-24,2017D06682,https://zoek.officielebekendmakingen.nl/ah-tk-20162017-1289
2017-02-24,2017D06520,https://zoek.officielebekendmakingen.nl/ah-tk-20162017-1286
2017-02-24,2017D06447,https://zoek.officielebekendmakingen.nl/ah-tk-20162017-1281
2017-02-24,2017D06660,https://zoek.officielebekendmakingen.nl/ah-tk-20162017-1290
2017-02-24,2017D06122,https://zoek.officielebekendmakingen.nl/ah-tk-20162017-1283
2017-02-27,2017D06817,https://zoek.officielebekendmakingen.nl/ah-tk-20162017-1307
2017-02-27,2017D06863,https://zoek.officielebekendmakingen.nl/ah-tk-20162017-1299
2017-02-27,2017D06798,https://zoek.officielebekendmakingen.nl/ah-tk-20162017-1305
2017-02-27,2017D06815,https://zoek.officielebekendmakingen.nl/ah-tk-20162017-1304
2017-02-27,2017D06774,https://zoek.officielebekendmakingen.nl/ah-tk-20162017-1294
2017-02-27,2017D06822,https://zoek.officielebekendmakingen.nl/ah-tk-20162017-1306
2017-02-27,2017D06657,https://zoek.officielebekendmakingen.nl/ah-tk-20162017-1297
2017-02-27,2017D06810,https://zoek.officielebekendmakingen.nl/ah-tk-20162017-1295
2017-02-27,2017D06807,https://zoek.officielebekendmakingen.nl/ah-tk-20162017-1301
2017-02-27,2017D05948,https://zoek.officielebekendmakingen.nl/ah-tk-20162017-1302
2017-02-27,2017D06812,https://zoek.officielebekendmakingen.nl/ah-tk-20162017-1296
2017-02-27,2017D06835,https://zoek.officielebekendmakingen.nl/ah-tk-20162017-1303
2017-02-27,2017D06895,https://zoek.officielebekendmakingen.nl/ah-tk-20162017-1300
2017-02-27,2017D06765,https://zoek.officielebekendmakingen.nl/ah-tk-20162017-1298
2017-02-28,2017D06760,https://zoek.officielebekendmakingen.nl/ah-tk-20162017-1310
2017-02-28,2017D06764,https://zoek.officielebekendmakingen.nl/ah-tk-20162017-1311
2017-02-28,2017D06868,https://zoek.officielebekendmakingen.nl/ah-tk-20162017-1313
2017-02-28,2017D05724,https://zoek.officielebekendmakingen.nl/ah-tk-20162017-1309
2017-02-28,2017D06833,https://zoek.officielebekendmakingen.nl/ah-tk-20162017-1312
2017-02-28,2017D04882,https://zoek.officielebekendmakingen.nl/ah-tk-20162017-1314
2017-03-01,2017D06976,https://zoek.officielebekendmakingen.nl/ah-tk-20162017-1325
2017-03-01,2017D05717,https://zoek.officielebekendmakingen.nl/ah-tk-20162017-1322
2017-03-01,2017D06982,https://zoek.officielebekendmakingen.nl/ah-tk-20162017-1326
2017-03-01,2017D03997,https://zoek.officielebekendmakingen.nl/ah-tk-20162017-1321
2017-03-01,2017D06971,https://zoek.officielebekendmakingen.nl/ah-tk-20162017-1324
2017-03-01,2017D06911,https://zoek.officielebekendmakingen.nl/ah-tk-20162017-1323
2017-03-02,2017D06867,https://zoek.officielebekendmakingen.nl/ah-tk-20162017-1332
2017-03-02,2017D07059,https://zoek.officielebekendmakingen.nl/ah-tk-20162017-1333
2017-03-02,2017D07043,https://zoek.officielebekendmakingen.nl/ah-tk-20162017-1328
2017-03-02,2017D07054,https://zoek.officielebekendmakingen.nl/ah-tk-20162017-1331
2017-03-02,2017D07001,https://zoek.officielebekendmakingen.nl/ah-tk-20162017-1330
2017-03-02,2017D07003,https://zoek.officielebekendmakingen.nl/ah-tk-20162017-1329
2017-03-03,2017D07026,https://zoek.officielebekendmakingen.nl/ah-tk-20162017-1338
2017-03-03,2017D06866,https://zoek.officielebekendmakingen.nl/ah-tk-20162017-1337
2017-03-03,2017D06540,https://zoek.officielebekendmakingen.nl/ah-tk-20162017-1339
2017-03-06,2017D07150,https://zoek.officielebekendmakingen.nl/ah-tk-20162017-1341
2017-03-06,2017D07147,https://zoek.officielebekendmakingen.nl/ah-tk-20162017-1340
2017-03-07,2017D07177,https://zoek.officielebekendmakingen.nl/ah-tk-20162017-1346
2017-03-07,2017D07174,https://zoek.officielebekendmakingen.nl/ah-tk-20162017-1345
2017-03-07,2017D07276,https://zoek.officielebekendmakingen.nl/ah-tk-20162017-1347
2017-03-08,2017D07207,https://zoek.officielebekendmakingen.nl/ah-tk-20162017-1353
2017-03-08,2017D07315,
2017-03-08,2017D07255,https://zoek.officielebekendmakingen.nl/ah-tk-20162017-1352
2017-03-08,2017D07316,
2017-03-08,2017D07280,https://zoek.officielebekendmakingen.nl/ah-tk-20162017-1348
2017-03-08,2017D07293,https://zoek.officielebekendmakingen.nl/ah-tk-20162017-1351
2017-03-08,2017D07292,https://zoek.officielebekendmakingen.nl/ah-tk-20162017-1350
2017-03-08,2017D07281,https://zoek.officielebekendmakingen.nl/ah-tk-20162017-1349
2017-03-08,2017D07349,
2017-03-09,2017D07344,https://zoek.officielebekendmakingen.nl/ah-tk-20162017-1360
2017-03-09,2017D07337,https://zoek.officielebekendmakingen.nl/ah-tk-20162017-1359
2017-03-09,2017D07232,https://zoek.officielebekendmakingen.nl/ah-tk-20162017-1357
2017-03-09,2017D07233,https://zoek.officielebekendmakingen.nl/ah-tk-20162017-1358
2017-03-09,2017D07288,https://zoek.officielebekendmakingen.nl/ah-tk-20162017-1356
2017-03-09,2017D07282,https://zoek.officielebekendmakingen.nl/ah-tk-20162017-1354
2017-03-09,2017D07287,https://zoek.officielebekendmakingen.nl/ah-tk-20162017-1355
2017-03-10,2017D07411,https://zoek.officielebekendmakingen.nl/ah-tk-20162017-1371
2017-03-10,2017D07413,https://zoek.officielebekendmakingen.nl/ah-tk-20162017-1369
2017-03-10,2017D07410,https://zoek.officielebekendmakingen.nl/ah-tk-20162017-1372
2017-03-10,2017D07425,https://zoek.officielebekendmakingen.nl/ah-tk-20162017-1368
2017-03-10,2017D07402,https://zoek.officielebekendmakingen.nl/ah-tk-20162017-1367
2017-03-10,2017D07416,https://zoek.officielebekendmakingen.nl/ah-tk-20162017-1370
2017-03-13,2017D07498,https://zoek.officielebekendmakingen.nl/ah-tk-20162017-1378
2017-03-13,2017D07532,https://zoek.officielebekendmakingen.nl/ah-tk-20162017-1377
2017-03-13,2017D07404,https://zoek.officielebekendmakingen.nl/ah-tk-20162017-1375
2017-03-13,2017D07517,https://zoek.officielebekendmakingen.nl/ah-tk-20162017-1376
2017-03-13,2017D07556,https://zoek.officielebekendmakingen.nl/ah-tk-20162017-1374
2017-03-13,2017D07494,https://zoek.officielebekendmakingen.nl/ah-tk-20162017-1380
2017-03-13,2017D07340,https://zoek.officielebekendmakingen.nl/ah-tk-20162017-1382
2017-03-13,2017D07495,https://zoek.officielebekendmakingen.nl/ah-tk-20162017-1381
2017-03-13,2017D07501,https://zoek.officielebekendmakingen.nl/ah-tk-20162017-1379
2017-03-14,2017D07514,https://zoek.officielebekendmakingen.nl/ah-tk-20162017-1387
2017-03-14,2017D07616,https://zoek.officielebekendmakingen.nl/ah-tk-20162017-1383
2017-03-14,2017D07585,https://zoek.officielebekendmakingen.nl/ah-tk-20162017-1386
2017-03-14,2017D07588,https://zoek.officielebekendmakingen.nl/ah-tk-20162017-1395
2017-03-14,2017D07595,https://zoek.officielebekendmakingen.nl/ah-tk-20162017-1394
2017-03-14,2017D07628,https://zoek.officielebekendmakingen.nl/ah-tk-20162017-1384
2017-03-15,2017D07661,https://zoek.officielebekendmakingen.nl/ah-tk-20162017-1391
2017-03-16,2017D07785,
2017-03-16,2017D07781,
2017-03-16,2017D07743,
2017-03-16,2017D07767,
2017-03-16,2017D07766,
2017-03-16,2017D07737,
2017-03-16,2017D07744,
2017-03-16,2017D07738,
2017-03-16,2017D07764,
2017-03-16,2017D07777,
2017-03-16,2017D07778,
2017-03-16,2017D07782,
2017-03-16,2017D07780,
2017-03-16,2017D07739,
2017-03-17,2017D07850,
2017-03-17,2017D07941,
2017-03-17,2017D07819,
2017-03-17,2017D07848,
2017-03-17,2017D07842,
2017-03-17,2017D07853,
2017-03-17,2017D07859,
2017-03-17,2017D07852,
2017-03-17,2017D07864,
2017-03-17,2017D07846,
2017-03-20,2017D07879,
2017-03-20,2017D07955,
2017-03-20,2017D07930,
2017-03-20,2017D07915,
2017-03-20,2017D07950,
2017-03-20,2017D07994,
2017-03-20,2017D07924,
2017-03-20,2017D07956,
2017-03-20,2017D07910,
2017-03-20,2017D07993,
2017-03-20,2017D07957,
2017-03-21,2017D08028,
2017-03-21,2017D08079,
2017-03-21,2017D07992,
2017-03-21,2017D08011,
2017-03-21,2017D08061,
2017-03-21,2017D07974,
2017-03-21,2017D08062,
2017-03-21,2017D07998,
2017-03-21,2017D08001,
2017-03-21,2017D08036,
2017-03-21,2017D08049,
2017-03-21,2017D08000,
2017-03-21,2017D08005,
2017-03-21,2017D08073,
2017-03-21,2017D08075,
2017-03-21,2017D08067,
2017-03-21,2017D08022,
2017-03-21,2017D08076,
2017-03-21,2017D08052,
2017-03-21,2017D08031,
2017-03-22,2017D08145,
2017-03-22,2017D08097,
2017-03-22,2017D08158,
2017-03-22,2017D08134,
2017-03-22,2017D08169,
2017-03-22,2017D08136,
2017-03-22,2017D08131,
2017-03-22,2017D08168,
2017-03-22,2017D08133,
2017-03-22,2017D08132,
2017-03-22,2017D08147,
2017-03-23,2017D08231,
2017-03-23,2017D08204,
2017-03-23,2017D08191,
2017-03-23,2017D08217,
2017-03-23,2017D08232,
2017-03-23,2017D08278,
2017-03-23,2017D08226,
2017-03-23,2017D08230,
2017-03-23,2017D08256,
2017-03-23,2017D08262,
2017-03-23,2017D08229,
2017-03-23,2017D08223,
2017-03-23,2017D08253,
2017-03-24,2017D08321,
2017-03-24,2017D08315,
2017-03-24,2017D08358,
2017-03-24,2017D08383,
2017-03-24,2017D08353,
2017-03-24,2017D08375,
2017-03-24,2017D08356,
2017-03-24,2017D08355,
2017-03-24,2017D08351,
2017-03-24,2017D08320,
2017-03-27,2017D08423,
2017-03-27,2017D08439,
2017-03-27,2017D08416,
2017-03-27,2017D08407,
2017-03-27,2017D08440,
2017-03-28,2017D08454,
2017-03-28,2017D08519,
2017-03-28,2017D08488,
2017-03-28,2017D08521,
2017-03-28,2017D08490,
2017-03-29,2017D08563,
2017-03-29,2017D08576,
2017-03-29,2017D08577,
2017-03-29,2017D08613,
2017-03-29,2017D08645,
2017-03-29,2017D08561,
2017-03-29,2017D08648,
2017-03-29,2017D08564,
2017-03-30,2017D08759,
2017-03-30,2017D08780,
2017-03-30,2017D08758,
2017-03-30,2017D08787,
2017-03-30,2017D08776,
2017-03-30,2017D08671,
2017-03-30,2017D08781,
2017-03-30,2017D08791,
2017-03-31,2017D08932,
2017-03-31,2017D08801,
2017-03-31,2017D08931,
2017-03-31,2017D08933,
2017-03-31,2017D08910,
2017-03-31,2017D08918,
2017-03-31,2017D08917,
2017-04-03,2017D08967,
2017-04-03,2017D08953,
2017-04-03,2017D08957,
2017-04-03,2017D08990,
2017-04-04,2017D09135,
2017-04-04,2017D09182,
2017-04-04,2017D09059,
2017-04-04,2017D09122,
2017-04-04,2017D09081,
2017-04-04,2017D09118,
2017-04-04,2017D09197,
2017-04-04,2017D09482,
2017-04-04,2017D09092,
2017-04-04,2017D09187,
2017-04-04,2017D09210,
2017-04-04,2017D09199,
2017-04-05,2017D09238,
2017-04-05,2017D09361,
2017-04-05,2017D09356,
2017-04-06,2017D09534,
2017-04-06,2017D09493,
2017-04-06,2017D09533,
2017-04-06,2017D09553,
2017-04-07,2017D09692,
2017-04-07,2017D09693,
2017-04-07,2017D09694,
2017-04-10,2017D09762,
2017-04-10,2017D09802,
2017-04-10,2017D09757,
2017-04-10,2017D09801,
2017-04-10,2017D09891,
2017-04-10,2017D09745,
2017-04-11,2017D09945,
2017-04-11,2017D09972,
2017-04-11,2017D09944,
2017-04-11,2017D09969,
2017-04-11,2017D10067,
2017-04-11,2017D10019,
2017-04-11,2017D10111,
2017-04-11,2017D10109,
2017-04-11,2017D09949,
2017-04-11,2017D09956,
2017-04-11,2017D09955,
2017-04-11,2017D09961,
2017-04-11,2017D10110,
2017-04-11,2017D10108,
2017-04-11,2017D10081,
2017-04-12,2017D10227,
2017-04-12,2017D10237,
2017-04-12,2017D10120,
2017-04-12,2017D10239,
2017-04-12,2017D10171,
2017-04-13,2017D10499,
2017-04-13,2017D10549,
2017-04-13,2017D10331,
2017-04-13,2017D10552,
2017-04-13,2017D10422,
2017-04-13,2017D10450,
2017-04-13,2017D10483,
2017-04-13,2017D10501,
2017-04-13,2017D10457,
2017-04-13,2017D10329,
2017-04-13,2017D10437,
2017-04-14,2017D10639,
2017-04-14,2017D10583,
2017-04-14,2017D10579,
2017-04-14,2017D10603,
2017-04-14,2017D10584,
2017-04-14,2017D10604,
2017-04-14,2017D10585,
2017-04-18,2017D10924,
2017-04-18,2017D10805,
2017-04-18,2017D10705,
2017-04-18,2017D10740,
2017-04-18,2017D10788,
2017-04-18,2017D10914,
2017-04-18,2017D10827,
2017-04-18,2017D10884,
2017-04-19,2017D11014,
2017-04-19,2017D11017,
2017-04-19,2017D11108,
2017-04-19,2017D11110,
2017-04-19,2017D10957,
2017-04-19,2017D11126,
2017-04-19,2017D11128,
2017-04-19,2017D10996,
2017-04-19,2017D11083,
2017-04-19,2017D11015,
2017-04-20,2017D11295,
2017-04-20,2017D11248,
2017-04-20,2017D11320,
2017-04-20,2017D11303,
2017-04-20,2017D11356,
2017-04-20,2017D11301,
2017-04-21,2017D11409,
2017-04-21,2017D11479,
2017-04-21,2017D11427,
2017-04-21,2017D11501,
2017-04-21,2017D11518,
2017-04-21,2017D11428,
2017-04-21,2017D11519,
2017-04-21,2017D11505,
2017-04-21,2017D11471,
2017-04-21,2017D11490,
2017-04-21,2017D11480,
2017-04-24,2017D11618,
2017-04-24,2017D11616,
2017-04-24,2017D11562,
2017-04-24,2017D11590,
2017-04-25,2017D11667,
2017-04-25,2017D11683,
2017-04-26,2017D11714,
2017-04-26,2017D11784,
2017-04-26,2017D11776,
2017-04-26,2017D11809,
2017-04-26,2017D11804,
2017-04-26,2017D11790,
2017-04-28,2017D11826,
2017-04-28,2017D11844,
2017-04-28,2017D11820,
2017-05-01,2017D11903,
2017-05-01,2017D11892,
2017-05-02,2017D11973,
2017-05-02,2017D12158,https://zoek.officielebekendmakingen.nl/ah-tk-20162017-1756
2017-05-02,2017D11984,
2017-05-02,2017D11982,
2017-05-02,2017D11998,
2017-05-04,2017D12061,
2017-05-04,2017D12047,https://zoek.officielebekendmakingen.nl/ah-tk-20162017-1759
2017-05-08,2017D12070,https://zoek.officielebekendmakingen.nl/ah-tk-20162017-1758
2017-05-08,2017D12144,https://zoek.officielebekendmakingen.nl/ah-tk-20162017-1763
2017-05-08,2017D12153,https://zoek.officielebekendmakingen.nl/ah-tk-20162017-1764
2017-05-08,2017D12071,https://zoek.officielebekendmakingen.nl/ah-tk-20162017-1760
2017-05-08,2017D12173,https://zoek.officielebekendmakingen.nl/ah-tk-20162017-1761
2017-05-08,2017D12139,https://zoek.officielebekendmakingen.nl/ah-tk-20162017-1762
2017-05-08,2017D12069,https://zoek.officielebekendmakingen.nl/ah-tk-20162017-1757
2017-05-09,2017D12094,https://zoek.officielebekendmakingen.nl/ah-tk-20162017-1784
2017-05-09,2017D12181,https://zoek.officielebekendmakingen.nl/ah-tk-20162017-1776
2017-05-09,2017D12093,https://zoek.officielebekendmakingen.nl/ah-tk-20162017-1787
2017-05-09,2017D12089,https://zoek.officielebekendmakingen.nl/ah-tk-20162017-1781
2017-05-09,2017D12087,https://zoek.officielebekendmakingen.nl/ah-tk-20162017-1785
2017-05-09,2017D12108,https://zoek.officielebekendmakingen.nl/ah-tk-20162017-1769
2017-05-09,2017D12304,https://zoek.officielebekendmakingen.nl/ah-tk-20162017-1774
2017-05-09,2017D12475,https://zoek.officielebekendmakingen.nl/ah-tk-20162017-1771
2017-05-09,2017D12091,https://zoek.officielebekendmakingen.nl/ah-tk-20162017-1780
2017-05-09,2017D12264,https://zoek.officielebekendmakingen.nl/ah-tk-20162017-1772
2017-05-09,2017D12291,https://zoek.officielebekendmakingen.nl/ah-tk-20162017-1779
2017-05-09,2017D12300,https://zoek.officielebekendmakingen.nl/ah-tk-20162017-1777
2017-05-09,2017D12134,https://zoek.officielebekendmakingen.nl/ah-tk-20162017-1783
2017-05-09,2017D12183,https://zoek.officielebekendmakingen.nl/ah-tk-20162017-1775
2017-05-09,2017D12090,https://zoek.officielebekendmakingen.nl/ah-tk-20162017-1782
2017-05-09,2017D12092,https://zoek.officielebekendmakingen.nl/ah-tk-20162017-1786
2017-05-09,2017D12288,https://zoek.officielebekendmakingen.nl/ah-tk-20162017-1778
2017-05-09,2017D12263,https://zoek.officielebekendmakingen.nl/ah-tk-20162017-1773
2017-05-10,2017D12515,https://zoek.officielebekendmakingen.nl/ah-tk-20162017-1795
2017-05-10,2017D12323,https://zoek.officielebekendmakingen.nl/ah-tk-20162017-1790
2017-05-10,2017D12329,https://zoek.officielebekendmakingen.nl/ah-tk-20162017-1792
2017-05-10,2017D12434,https://zoek.officielebekendmakingen.nl/ah-tk-20162017-1804
2017-05-10,2017D12572,https://zoek.officielebekendmakingen.nl/ah-tk-20162017-1791
2017-05-10,2017D12527,https://zoek.officielebekendmakingen.nl/ah-tk-20162017-1808
2017-05-10,2017D12185,https://zoek.officielebekendmakingen.nl/ah-tk-20162017-1807
2017-05-10,2017D12322,https://zoek.officielebekendmakingen.nl/ah-tk-20162017-1789
2017-05-10,2017D12533,https://zoek.officielebekendmakingen.nl/ah-tk-20162017-1809
2017-05-10,2017D12163,https://zoek.officielebekendmakingen.nl/ah-tk-20162017-1806
2017-05-10,2017D12226,https://zoek.officielebekendmakingen.nl/ah-tk-20162017-1810
2017-05-10,2017D12321,https://zoek.officielebekendmakingen.nl/ah-tk-20162017-1788
2017-05-11,2017D12688,https://zoek.officielebekendmakingen.nl/ah-tk-20162017-1824
2017-05-11,2017D12154,https://zoek.officielebekendmakingen.nl/ah-tk-20162017-1830
2017-05-11,2017D12521,https://zoek.officielebekendmakingen.nl/ah-tk-20162017-1816
2017-05-11,2017D12503,https://zoek.officielebekendmakingen.nl/ah-tk-20162017-1818
2017-05-11,2017D12502,https://zoek.officielebekendmakingen.nl/ah-tk-20162017-1819
2017-05-11,2017D12626,https://zoek.officielebekendmakingen.nl/ah-tk-20162017-1823
2017-05-11,2017D12617,https://zoek.officielebekendmakingen.nl/ah-tk-20162017-1831
2017-05-11,2017D12516,https://zoek.officielebekendmakingen.nl/ah-tk-20162017-1822
2017-05-11,2017D12318,https://zoek.officielebekendmakingen.nl/ah-tk-20162017-1827
2017-05-11,2017D12522,https://zoek.officielebekendmakingen.nl/ah-tk-20162017-1817
2017-05-12,2017D12932,https://zoek.officielebekendmakingen.nl/ah-tk-20162017-1840
2017-05-12,2017D12824,https://zoek.officielebekendmakingen.nl/ah-tk-20162017-1843
2017-05-12,2017D12509,https://zoek.officielebekendmakingen.nl/ah-tk-20162017-1837
2017-05-12,2017D12823,https://zoek.officielebekendmakingen.nl/ah-tk-20162017-1842
2017-05-12,2017D12927,https://zoek.officielebekendmakingen.nl/ah-tk-20162017-1836
2017-05-12,2017D12873,https://zoek.officielebekendmakingen.nl/ah-tk-20162017-1838
2017-05-12,2017D12944,https://zoek.officielebekendmakingen.nl/ah-tk-20162017-1832
2017-05-15,2017D12951,https://zoek.officielebekendmakingen.nl/ah-tk-20162017-1856
2017-05-15,2017D13254,
2017-05-15,2017D13205,https://zoek.officielebekendmakingen.nl/ah-tk-20162017-1861
2017-05-15,2017D13040,https://zoek.officielebekendmakingen.nl/ah-tk-20162017-1858
2017-05-15,2017D13028,https://zoek.officielebekendmakingen.nl/ah-tk-20162017-1855
2017-05-15,2017D13403,
2017-05-15,2017D13141,https://zoek.officielebekendmakingen.nl/ah-tk-20162017-1863
2017-05-15,2017D13134,https://zoek.officielebekendmakingen.nl/ah-tk-20162017-1857
2017-05-15,2017D13262,
2017-05-15,2017D13097,https://zoek.officielebekendmakingen.nl/ah-tk-20162017-1845
2017-05-15,2017D12881,https://zoek.officielebekendmakingen.nl/ah-tk-20162017-1848
2017-05-15,2017D13099,https://zoek.officielebekendmakingen.nl/ah-tk-20162017-1851
2017-05-15,2017D13251,
2017-05-15,2017D13044,https://zoek.officielebekendmakingen.nl/ah-tk-20162017-1860
2017-05-15,2017D13003,https://zoek.officielebekendmakingen.nl/ah-tk-20162017-1812
2017-05-15,2017D13108,https://zoek.officielebekendmakingen.nl/ah-tk-20162017-1865
2017-05-15,2017D13100,https://zoek.officielebekendmakingen.nl/ah-tk-20162017-1850
2017-05-15,2017D13042,https://zoek.officielebekendmakingen.nl/ah-tk-20162017-1859
2017-05-15,2017D12913,https://zoek.officielebekendmakingen.nl/ah-tk-20162017-1854
2017-05-15,2017D12940,https://zoek.officielebekendmakingen.nl/ah-tk-20162017-1853
2017-05-15,2017D13111,https://zoek.officielebekendmakingen.nl/ah-tk-20162017-1862
2017-05-15,2017D12950,https://zoek.officielebekendmakingen.nl/ah-tk-20162017-1852
2017-05-15,2017D13107,https://zoek.officielebekendmakingen.nl/ah-tk-20162017-1864
2017-05-15,2017D12946,https://zoek.officielebekendmakingen.nl/ah-tk-20162017-1847
2017-05-15,2017D13133,https://zoek.officielebekendmakingen.nl/ah-tk-20162017-1849
2017-05-15,2017D13109,https://zoek.officielebekendmakingen.nl/ah-tk-20162017-1866
2017-05-15,2017D13011,https://zoek.officielebekendmakingen.nl/ah-tk-20162017-1814
2017-05-15,2017D13271,
2017-05-15,2017D12947,https://zoek.officielebekendmakingen.nl/ah-tk-20162017-1846
2017-05-15,2017D13007,https://zoek.officielebekendmakingen.nl/ah-tk-20162017-1813
2017-05-15,2017D13316,
2017-05-15,2017D13330,
2017-05-15,2017D13319,
2017-05-15,2017D13329,
2017-05-15,2017D13317,
2017-05-15,2017D13014,https://zoek.officielebekendmakingen.nl/ah-tk-20162017-1815
2017-05-15,2017D13267,
2017-05-16,2017D13274,https://zoek.officielebekendmakingen.nl/ah-tk-20162017-1867
2017-05-16,2017D13265,https://zoek.officielebekendmakingen.nl/ah-tk-20162017-1869
2017-05-16,2017D13275,https://zoek.officielebekendmakingen.nl/ah-tk-20162017-1868
2017-05-16,2017D13460,
2017-05-16,2017D13414,
2017-05-16,2017D13110,https://zoek.officielebekendmakingen.nl/ah-tk-20162017-1874
2017-05-16,2017D13339,https://zoek.officielebekendmakingen.nl/ah-tk-20162017-1872
2017-05-16,2017D13450,
2017-05-16,2017D13399,
2017-05-16,2017D13215,https://zoek.officielebekendmakingen.nl/ah-tk-20162017-1870
2017-05-16,2017D13406,
2017-05-16,2017D13345,https://zoek.officielebekendmakingen.nl/ah-tk-20162017-1873
2017-05-16,2017D13477,
2017-05-16,2017D13519,
2017-05-17,2017D13705,
2017-05-17,2017D13601,
2017-05-17,2017D13644,
2017-05-17,2017D13697,
2017-05-17,2017D13598,
2017-05-17,2017D13590,
2017-05-18,2017D13856,
2017-05-18,2017D13830,
2017-05-18,2017D13831,
2017-05-18,2017D13949,
2017-05-19,2017D14036,
2017-05-19,2017D13980,
2017-05-19,2017D14139,
2017-05-19,2017D14124,
2017-05-19,2017D14032,
2017-05-19,2017D14041,
2017-05-19,2017D14053,
2017-05-19,2017D14031,
2017-05-19,2017D13981,
2017-05-19,2017D14037,
2017-05-19,2017D14064,
2017-05-19,2017D14019,
2017-05-20,2017D14142,
2017-05-20,2017D14144,
2017-05-20,2017D14145,
2017-05-20,2017D14141,
2017-05-20,2017D14143,
2017-05-22,2017D14159,
2017-05-22,2017D14174,
2017-05-22,2017D14157,
2017-05-22,2017D14164,
2017-05-22,2017D14155,
2017-05-22,2017D14223,
2017-05-23,2017D14332,
2017-05-23,2017D14263,
2017-05-23,2017D14253,
2017-05-23,2017D14355,
2017-05-23,2017D14248,
2017-05-23,2017D14356,
2017-05-23,2017D14256,
2017-05-23,2017D14280,
2017-05-23,2017D14261,
2017-05-23,2017D14230,
2017-05-23,2017D14281,
2017-05-23,2017D14257,
2017-05-24,2017D14611,
2017-05-24,2017D14550,
2017-05-24,2017D14589,
2017-05-24,2017D14558,
2017-05-24,2017D14521,
2017-05-24,2017D14686,
2017-05-24,2017D14429,
2017-05-26,2017D14722,
2017-05-26,2017D14725,
2017-05-26,2017D14764,
2017-05-26,2017D14804,
2017-05-30,2017D14895,https://zoek.officielebekendmakingen.nl/ah-tk-20162017-1966
2017-05-30,2017D14949,https://zoek.officielebekendmakingen.nl/ah-tk-20162017-1969
2017-05-30,2017D15018,https://zoek.officielebekendmakingen.nl/ah-tk-20162017-1968
2017-05-30,2017D15025,https://zoek.officielebekendmakingen.nl/ah-tk-20162017-1967
2017-05-30,2017D15215,
2017-05-30,2017D15216,
2017-05-30,2017D15024,https://zoek.officielebekendmakingen.nl/ah-tk-20162017-1971
2017-05-30,2017D15040,https://zoek.officielebekendmakingen.nl/ah-tk-20162017-1972
2017-05-31,2017D15198,https://zoek.officielebekendmakingen.nl/ah-tk-20162017-1976
2017-05-31,2017D15084,https://zoek.officielebekendmakingen.nl/ah-tk-20162017-1981
2017-05-31,2017D15192,https://zoek.officielebekendmakingen.nl/ah-tk-20162017-1975
2017-05-31,2017D14941,https://zoek.officielebekendmakingen.nl/ah-tk-20162017-1980
2017-06-01,2017D15203,https://zoek.officielebekendmakingen.nl/ah-tk-20162017-1982
2017-06-01,2017D15327,https://zoek.officielebekendmakingen.nl/ah-tk-20162017-1988
2017-06-01,2017D15348,https://zoek.officielebekendmakingen.nl/ah-tk-20162017-1990
2017-06-01,2017D15318,https://zoek.officielebekendmakingen.nl/ah-tk-20162017-1986
2017-06-01,2017D15373,https://zoek.officielebekendmakingen.nl/ah-tk-20162017-1989
2017-06-01,2017D15207,https://zoek.officielebekendmakingen.nl/ah-tk-20162017-1984
2017-06-01,2017D15206,https://zoek.officielebekendmakingen.nl/ah-tk-20162017-1983
2017-06-01,2017D15314,https://zoek.officielebekendmakingen.nl/ah-tk-20162017-1985
2017-06-02,2017D15603,https://zoek.officielebekendmakingen.nl/ah-tk-20162017-2004
2017-06-02,2017D15542,https://zoek.officielebekendmakingen.nl/ah-tk-20162017-1992
2017-06-02,2017D15599,https://zoek.officielebekendmakingen.nl/ah-tk-20162017-2006
2017-06-02,2017D15604,https://zoek.officielebekendmakingen.nl/ah-tk-20162017-2007
2017-06-02,2017D15264,https://zoek.officielebekendmakingen.nl/ah-tk-20162017-1991
2017-06-06,2017D15665,https://zoek.officielebekendmakingen.nl/ah-tk-20162017-2011
2017-06-06,2017D15827,https://zoek.officielebekendmakingen.nl/ah-tk-20162017-2019
2017-06-06,2017D15751,https://zoek.officielebekendmakingen.nl/ah-tk-20162017-1995
2017-06-06,2017D15839,https://zoek.officielebekendmakingen.nl/ah-tk-20162017-2012
2017-06-06,2017D15821,https://zoek.officielebekendmakingen.nl/ah-tk-20162017-2013
2017-06-06,2017D15797,https://zoek.officielebekendmakingen.nl/ah-tk-20162017-2000
2017-06-06,2017D15663,https://zoek.officielebekendmakingen.nl/ah-tk-20162017-2010
2017-06-06,2017D15221,https://zoek.officielebekendmakingen.nl/ah-tk-20162017-2002
2017-06-06,2017D15828,https://zoek.officielebekendmakingen.nl/ah-tk-20162017-2018
2017-06-06,2017D15841,https://zoek.officielebekendmakingen.nl/ah-tk-20162017-2020
2017-06-06,2017D15657,https://zoek.officielebekendmakingen.nl/ah-tk-20162017-2009
2017-06-06,2017D15658,https://zoek.officielebekendmakingen.nl/ah-tk-20162017-2008
2017-06-06,2017D15831,https://zoek.officielebekendmakingen.nl/ah-tk-20162017-2017
2017-06-06,2017D15217,https://zoek.officielebekendmakingen.nl/ah-tk-20162017-2003
2017-06-06,2017D15785,https://zoek.officielebekendmakingen.nl/ah-tk-20162017-2005
2017-06-06,2017D16105,
2017-06-07,2017D15961,https://zoek.officielebekendmakingen.nl/ah-tk-20162017-2027
2017-06-07,2017D16293,https://zoek.officielebekendmakingen.nl/ah-tk-20162017-2033
2017-06-07,2017D16102,https://zoek.officielebekendmakingen.nl/ah-tk-20162017-2030
2017-06-07,2017D15941,https://zoek.officielebekendmakingen.nl/ah-tk-20162017-2026
2017-06-07,2017D15951,https://zoek.officielebekendmakingen.nl/ah-tk-20162017-2029
2017-06-07,2017D16054,https://zoek.officielebekendmakingen.nl/ah-tk-20162017-2025
2017-06-07,2017D15983,https://zoek.officielebekendmakingen.nl/ah-tk-20162017-2028
2017-06-07,2017D16062,https://zoek.officielebekendmakingen.nl/ah-tk-20162017-2032
2017-06-08,2017D16325,https://zoek.officielebekendmakingen.nl/ah-tk-20162017-2042
2017-06-08,2017D16070,https://zoek.officielebekendmakingen.nl/ah-tk-20162017-2034
2017-06-08,2017D16067,https://zoek.officielebekendmakingen.nl/ah-tk-20162017-2035
2017-06-08,2017D16160,https://zoek.officielebekendmakingen.nl/ah-tk-20162017-2041
2017-06-08,2017D16122,https://zoek.officielebekendmakingen.nl/ah-tk-20162017-2045
2017-06-08,2017D16335,https://zoek.officielebekendmakingen.nl/ah-tk-20162017-2040
2017-06-08,2017D15803,https://zoek.officielebekendmakingen.nl/ah-tk-20162017-2038
2017-06-08,2017D16356,https://zoek.officielebekendmakingen.nl/ah-tk-20162017-2043
2017-06-08,2017D16200,https://zoek.officielebekendmakingen.nl/ah-tk-20162017-2044
2017-06-08,2017D16199,https://zoek.officielebekendmakingen.nl/ah-tk-20162017-2039
2017-06-09,2017D16639,https://zoek.officielebekendmakingen.nl/ah-tk-20162017-2049
2017-06-09,2017D16840,
2017-06-09,2017D16560,https://zoek.officielebekendmakingen.nl/ah-tk-20162017-2054
2017-06-09,2017D16643,https://zoek.officielebekendmakingen.nl/ah-tk-20162017-2047
2017-06-09,2017D16389,https://zoek.officielebekendmakingen.nl/ah-tk-20162017-2052
2017-06-09,2017D16109,https://zoek.officielebekendmakingen.nl/ah-tk-20162017-2053
2017-06-09,2017D16642,https://zoek.officielebekendmakingen.nl/ah-tk-20162017-2048
2017-06-09,2017D16640,https://zoek.officielebekendmakingen.nl/ah-tk-20162017-2050
2017-06-09,2017D16571,https://zoek.officielebekendmakingen.nl/ah-tk-20162017-2057
2017-06-09,2017D16609,https://zoek.officielebekendmakingen.nl/ah-tk-20162017-2051
2017-06-09,2017D16386,https://zoek.officielebekendmakingen.nl/ah-tk-20162017-2056
2017-06-12,2017D16327,https://zoek.officielebekendmakingen.nl/ah-tk-20162017-2066
2017-06-12,2017D16802,https://zoek.officielebekendmakingen.nl/ah-tk-20162017-2058
2017-06-12,2017D16805,https://zoek.officielebekendmakingen.nl/ah-tk-20162017-2061
2017-06-12,2017D16716,https://zoek.officielebekendmakingen.nl/ah-tk-20162017-2062
2017-06-12,2017D16536,https://zoek.officielebekendmakingen.nl/ah-tk-20162017-2060
2017-06-12,2017D15106,https://zoek.officielebekendmakingen.nl/ah-tk-20162017-2063
2017-06-12,2017D16747,https://zoek.officielebekendmakingen.nl/ah-tk-20162017-2059
2017-06-12,2017D15094,https://zoek.officielebekendmakingen.nl/ah-tk-20162017-2064
2017-06-13,2017D16960,https://zoek.officielebekendmakingen.nl/ah-tk-20162017-2085
2017-06-13,2017D16985,https://zoek.officielebekendmakingen.nl/ah-tk-20162017-2071
2017-06-13,2017D16922,https://zoek.officielebekendmakingen.nl/ah-tk-20162017-2070
2017-06-13,2017D16996,https://zoek.officielebekendmakingen.nl/ah-tk-20162017-2074
2017-06-13,2017D17080,https://zoek.officielebekendmakingen.nl/ah-tk-20162017-2087
2017-06-13,2017D16980,https://zoek.officielebekendmakingen.nl/ah-tk-20162017-2069
2017-06-13,2017D16989,https://zoek.officielebekendmakingen.nl/ah-tk-20162017-2072
2017-06-13,2017D16995,https://zoek.officielebekendmakingen.nl/ah-tk-20162017-2073
2017-06-13,2017D16971,https://zoek.officielebekendmakingen.nl/ah-tk-20162017-2075
2017-06-13,2017D16991,https://zoek.officielebekendmakingen.nl/ah-tk-20162017-2067
2017-06-13,2017D16963,https://zoek.officielebekendmakingen.nl/ah-tk-20162017-2084
2017-06-13,2017D16992,https://zoek.officielebekendmakingen.nl/ah-tk-20162017-2068
2017-06-14,2017D16781,https://zoek.officielebekendmakingen.nl/ah-tk-20162017-2095
2017-06-14,2017D17266,https://zoek.officielebekendmakingen.nl/ah-tk-20162017-2086
2017-06-14,2017D16762,https://zoek.officielebekendmakingen.nl/ah-tk-20162017-2094
2017-06-14,2017D17169,https://zoek.officielebekendmakingen.nl/ah-tk-20162017-2091
2017-06-14,2017D17116,https://zoek.officielebekendmakingen.nl/ah-tk-20162017-2092
2017-06-14,2017D17300,https://zoek.officielebekendmakingen.nl/ah-tk-20162017-2104
2017-06-14,2017D16478,https://zoek.officielebekendmakingen.nl/ah-tk-20162017-2097
2017-06-14,2017D16767,https://zoek.officielebekendmakingen.nl/ah-tk-20162017-2098
2017-06-14,2017D17168,https://zoek.officielebekendmakingen.nl/ah-tk-20162017-2088
2017-06-14,2017D16782,https://zoek.officielebekendmakingen.nl/ah-tk-20162017-2093
2017-06-14,2017D16981,https://zoek.officielebekendmakingen.nl/ah-tk-20162017-2102
2017-06-14,2017D17178,https://zoek.officielebekendmakingen.nl/ah-tk-20162017-2089
2017-06-14,2017D17098,https://zoek.officielebekendmakingen.nl/ah-tk-20162017-2103
2017-06-14,2017D17182,https://zoek.officielebekendmakingen.nl/ah-tk-20162017-2100
2017-06-14,2017D17053,https://zoek.officielebekendmakingen.nl/ah-tk-20162017-2096
2017-06-15,2017D17402,https://zoek.officielebekendmakingen.nl/ah-tk-20162017-2108
2017-06-15,2017D17089,https://zoek.officielebekendmakingen.nl/ah-tk-20162017-2106
2017-06-15,2017D16432,https://zoek.officielebekendmakingen.nl/ah-tk-20162017-2107
2017-06-15,2017D17252,https://zoek.officielebekendmakingen.nl/ah-tk-20162017-2113
2017-06-15,2017D17320,https://zoek.officielebekendmakingen.nl/ah-tk-20162017-2111
2017-06-15,2017D17040,https://zoek.officielebekendmakingen.nl/ah-tk-20162017-2109
2017-06-15,2017D17247,https://zoek.officielebekendmakingen.nl/ah-tk-20162017-2112
2017-06-15,2017D17393,https://zoek.officielebekendmakingen.nl/ah-tk-20162017-2110
2017-06-15,2017D17427,https://zoek.officielebekendmakingen.nl/ah-tk-20162017-2105
2017-06-15,2017D17616,
2017-06-16,2017D17133,https://zoek.officielebekendmakingen.nl/ah-tk-20162017-2118
2017-06-16,2017D17764,
2017-06-16,2017D17635,https://zoek.officielebekendmakingen.nl/ah-tk-20162017-2121
2017-06-16,2017D17628,https://zoek.officielebekendmakingen.nl/ah-tk-20162017-2128
2017-06-16,2017D17135,https://zoek.officielebekendmakingen.nl/ah-tk-20162017-2119
2017-06-16,2017D17118,https://zoek.officielebekendmakingen.nl/ah-tk-20162017-2114
2017-06-16,2017D17633,https://zoek.officielebekendmakingen.nl/ah-tk-20162017-2120
2017-06-16,2017D17732,
2017-06-16,2017D17729,
2017-06-16,2017D17477,https://zoek.officielebekendmakingen.nl/ah-tk-20162017-2116
2017-06-16,2017D17655,https://zoek.officielebekendmakingen.nl/ah-tk-20162017-2122
2017-06-16,2017D16904,https://zoek.officielebekendmakingen.nl/ah-tk-20162017-2125
2017-06-16,2017D17610,https://zoek.officielebekendmakingen.nl/ah-tk-20162017-2126
2017-06-16,2017D17362,https://zoek.officielebekendmakingen.nl/ah-tk-20162017-2123
2017-06-16,2017D17623,https://zoek.officielebekendmakingen.nl/ah-tk-20162017-2127
2017-06-16,2017D17119,https://zoek.officielebekendmakingen.nl/ah-tk-20162017-2115
2017-06-16,2017D17600,https://zoek.officielebekendmakingen.nl/ah-tk-20162017-2124
2017-06-19,2017D17885,
2017-06-19,2017D17820,
2017-06-19,2017D17789,
2017-06-19,2017D17887,
2017-06-19,2017D17749,https://zoek.officielebekendmakingen.nl/ah-tk-20162017-2135
2017-06-19,2017D17731,https://zoek.officielebekendmakingen.nl/ah-tk-20162017-2133
2017-06-19,2017D17725,https://zoek.officielebekendmakingen.nl/ah-tk-20162017-2131
2017-06-19,2017D17730,https://zoek.officielebekendmakingen.nl/ah-tk-20162017-2132
2017-06-19,2017D17810,
2017-06-19,2017D17748,https://zoek.officielebekendmakingen.nl/ah-tk-20162017-2136
2017-06-19,2017D17837,
2017-06-20,2017D18094,
2017-06-20,2017D16277,https://zoek.officielebekendmakingen.nl/ah-tk-20162017-2134
2017-06-20,2017D17958,
2017-06-20,2017D17911,
2017-06-20,2017D18129,
2017-06-20,2017D17979,
2017-06-20,2017D18109,
2017-06-20,2017D18095,
2017-06-20,2017D18018,
2017-06-20,2017D18105,
2017-06-20,2017D17906,
2017-06-20,2017D17963,
2017-06-20,2017D18023,
2017-06-20,2017D18006,
2017-06-20,2017D17974,
2017-06-20,2017D17939,
2017-06-21,2017D18314,
2017-06-21,2017D18227,
2017-06-21,2017D18161,
2017-06-21,2017D18181,
2017-06-21,2017D18207,
2017-06-22,2017D18486,
2017-06-22,2017D18397,
2017-06-22,2017D18540,
2017-06-22,2017D18238,https://zoek.officielebekendmakingen.nl/ah-tk-20162017-2167
2017-06-22,2017D18239,https://zoek.officielebekendmakingen.nl/ah-tk-20162017-2158
2017-06-22,2017D18214,https://zoek.officielebekendmakingen.nl/ah-tk-20162017-2165
2017-06-22,2017D18209,https://zoek.officielebekendmakingen.nl/ah-tk-20162017-2166
2017-06-23,2017D18674,
2017-06-23,2017D18648,
2017-06-23,2017D18656,
2017-06-23,2017D18662,
2017-06-23,2017D18578,
2017-06-23,2017D18637,
2017-06-23,2017D18668,
2017-06-23,2017D18685,
2017-06-26,2017D18737,
2017-06-26,2017D18811,
2017-06-26,2017D18733,
2017-06-26,2017D18816,
2017-06-26,2017D18781,
2017-06-26,2017D18799,
2017-06-26,2017D18849,
2017-06-26,2017D18819,
2017-06-26,2017D18784,
2017-06-26,2017D18824,
2017-06-26,2017D18789,
2017-06-26,2017D18771,
2017-06-26,2017D18777,
2017-06-26,2017D18825,
2017-06-26,2017D18806,
2017-06-27,2017D19077,
2017-06-27,2017D18926,
2017-06-27,2017D19078,
2017-06-27,2017D18925,
2017-06-27,2017D19011,
2017-06-27,2017D18928,
2017-06-27,2017D18917,
2017-06-27,2017D18942,
2017-06-27,2017D18934,
2017-06-28,2017D19314,
2017-06-28,2017D19228,
2017-06-28,2017D19236,
2017-06-28,2017D19308,
2017-06-28,2017D19235,
2017-06-28,2017D19260,
2017-06-28,2017D19201,
2017-06-28,2017D19244,
2017-06-28,2017D19297,
2017-06-28,2017D19283,
2017-06-28,2017D19261,
2017-06-28,2017D19262,
2017-06-28,2017D19195,
2017-06-28,2017D19227,
2017-06-28,2017D19243,
2017-06-28,2017D19278,
2017-06-28,2017D19300,
2017-06-29,2017D19391,
2017-06-29,2017D19601,
2017-06-29,2017D19576,
2017-06-29,2017D19435,
2017-06-29,2017D19440,
2017-06-29,2017D19607,
2017-06-29,2017D19610,
2017-06-30,2017D19815,
2017-06-30,2017D19727,
2017-06-30,2017D19821,
2017-06-30,2017D19679,
2017-06-30,2017D19858,
2017-06-30,2017D19798,
2017-06-30,2017D19859,
2017-06-30,2017D19810,
2017-06-30,2017D19802,
2017-06-30,2017D19838,
2017-06-30,2017D19763,
2017-06-30,2017D19653,
2017-06-30,2017D19806,
2017-07-03,2017D19937,
2017-07-03,2017D19989,
2017-07-03,2017D20060,
2017-07-03,2017D20026,
2017-07-03,2017D20076,
2017-07-03,2017D19878,
2017-07-03,2017D19876,
2017-07-03,2017D20056,
2017-07-03,2017D19898,
2017-07-03,2017D19904,
2017-07-03,2017D20058,
2017-07-03,2017D20035,
2017-07-03,2017D20038,
2017-07-03,2017D20085,
2017-07-04,2017D20276,
2017-07-04,2017D20160,
2017-07-04,2017D20158,
2017-07-04,2017D20137,
2017-07-04,2017D20282,
2017-07-04,2017D20249,
2017-07-04,2017D20270,
2017-07-04,2017D20213,
2017-07-05,2017D20450,
2017-07-05,2017D20566,
2017-07-05,2017D20556,
2017-07-05,2017D20528,
2017-07-05,2017D20373,
2017-07-05,2017D20529,
2017-07-06,2017D20797,
2017-07-06,2017D20721,
2017-07-06,2017D20716,
2017-07-06,2017D20740,
2017-07-06,2017D20688,
2017-07-06,2017D20743,
2017-07-06,2017D20726,
2017-07-06,2017D20722,
2017-07-06,2017D20685,
2017-07-06,2017D20723,
2017-07-06,2017D20732,
2017-07-07,2017D21040,
2017-07-07,2017D20972,
2017-07-07,2017D21038,
2017-07-07,2017D21037,
2017-07-07,2017D21083,
2017-07-07,2017D20969,
2017-07-07,2017D21078,
2017-07-07,2017D20976,
2017-07-07,2017D21057,
2017-07-07,2017D20973,
2017-07-07,2017D20970,
2017-07-07,2017D21018,
2017-07-07,2017D21072,
2017-07-07,2017D21077,
2017-07-08,2017D21110,
