datum,vraag nummer,url
2019-01-02,2019D00035,https://zoek.officielebekendmakingen.nl/kv-tk-2019Z00011
2019-01-02,2019D00033,https://zoek.officielebekendmakingen.nl/kv-tk-2019Z00010
2019-01-02,2019D00040,https://zoek.officielebekendmakingen.nl/kv-tk-2019Z00015
2019-01-02,2019D00041,https://zoek.officielebekendmakingen.nl/kv-tk-2019Z00016
2019-01-02,2019D00038,https://zoek.officielebekendmakingen.nl/kv-tk-2019Z00014
2019-01-02,2019D00032,https://zoek.officielebekendmakingen.nl/kv-tk-2019Z00009
2019-01-02,2019D00036,https://zoek.officielebekendmakingen.nl/kv-tk-2019Z00012
2019-01-02,2019D00037,https://zoek.officielebekendmakingen.nl/kv-tk-2019Z00013
2019-01-03,2019D00089,https://zoek.officielebekendmakingen.nl/kv-tk-2019Z00035
2019-01-04,2019D00135,https://zoek.officielebekendmakingen.nl/kv-tk-2019Z00051
2019-01-04,2019D00134,https://zoek.officielebekendmakingen.nl/kv-tk-2019Z00050
2019-01-04,2019D00133,https://zoek.officielebekendmakingen.nl/kv-tk-2019Z00049
2019-01-07,2019D00182,https://zoek.officielebekendmakingen.nl/kv-tk-2019Z00072
2019-01-07,2019D00186,https://zoek.officielebekendmakingen.nl/kv-tk-2019Z00076
2019-01-07,2019D00183,https://zoek.officielebekendmakingen.nl/kv-tk-2019Z00073
2019-01-07,2019D00180,https://zoek.officielebekendmakingen.nl/kv-tk-2019Z00070
2019-01-07,2019D00185,https://zoek.officielebekendmakingen.nl/kv-tk-2019Z00075
2019-01-07,2019D00178,https://zoek.officielebekendmakingen.nl/kv-tk-2019Z00068
2019-01-07,2019D00176,https://zoek.officielebekendmakingen.nl/kv-tk-2019Z00066
2019-01-07,2019D00177,https://zoek.officielebekendmakingen.nl/kv-tk-2019Z00067
2019-01-07,2019D00181,https://zoek.officielebekendmakingen.nl/kv-tk-2019Z00071
2019-01-07,2019D00184,https://zoek.officielebekendmakingen.nl/kv-tk-2019Z00074
2019-01-07,2019D00179,https://zoek.officielebekendmakingen.nl/kv-tk-2019Z00069
2019-01-08,2019D00287,https://zoek.officielebekendmakingen.nl/kv-tk-2019Z00121
2019-01-08,2019D00285,https://zoek.officielebekendmakingen.nl/kv-tk-2019Z00119
2019-01-08,2019D00292,https://zoek.officielebekendmakingen.nl/kv-tk-2019Z00126
2019-01-08,2019D00288,https://zoek.officielebekendmakingen.nl/kv-tk-2019Z00122
2019-01-08,2019D00280,https://zoek.officielebekendmakingen.nl/kv-tk-2019Z00114
2019-01-08,2019D00279,https://zoek.officielebekendmakingen.nl/kv-tk-2019Z00113
2019-01-08,2019D00283,https://zoek.officielebekendmakingen.nl/kv-tk-2019Z00117
2019-01-08,2019D00284,https://zoek.officielebekendmakingen.nl/kv-tk-2019Z00118
2019-01-08,2019D00291,https://zoek.officielebekendmakingen.nl/kv-tk-2019Z00125
2019-01-08,2019D00281,https://zoek.officielebekendmakingen.nl/kv-tk-2019Z00115
2019-01-08,2019D00286,https://zoek.officielebekendmakingen.nl/kv-tk-2019Z00120
2019-01-08,2019D00290,https://zoek.officielebekendmakingen.nl/kv-tk-2019Z00124
2019-01-08,2019D00278,https://zoek.officielebekendmakingen.nl/kv-tk-2019Z00112
2019-01-08,2019D00289,https://zoek.officielebekendmakingen.nl/kv-tk-2019Z00123
2019-01-08,2019D00282,https://zoek.officielebekendmakingen.nl/kv-tk-2019Z00116
2019-01-09,2019D00383,https://zoek.officielebekendmakingen.nl/kv-tk-2019Z00160
2019-01-09,2019D00389,https://zoek.officielebekendmakingen.nl/kv-tk-2019Z00158
2019-01-09,2019D00385,https://zoek.officielebekendmakingen.nl/kv-tk-2019Z00162
2019-01-09,2019D00388,https://zoek.officielebekendmakingen.nl/kv-tk-2019Z00157
2019-01-09,2019D00384,https://zoek.officielebekendmakingen.nl/kv-tk-2019Z00161
2019-01-09,2019D00387,https://zoek.officielebekendmakingen.nl/kv-tk-2019Z00163
2019-01-09,2019D00390,https://zoek.officielebekendmakingen.nl/kv-tk-2019Z00159
2019-01-10,2019D00460,https://zoek.officielebekendmakingen.nl/kv-tk-2019Z00192
2019-01-10,2019D00466,https://zoek.officielebekendmakingen.nl/kv-tk-2019Z00195
2019-01-10,2019D00467,https://zoek.officielebekendmakingen.nl/kv-tk-2019Z00196
2019-01-10,2019D00465,https://zoek.officielebekendmakingen.nl/kv-tk-2019Z00194
2019-01-10,2019D00469,https://zoek.officielebekendmakingen.nl/kv-tk-2019Z00198
2019-01-10,2019D00473,https://zoek.officielebekendmakingen.nl/kv-tk-2019Z00202
2019-01-10,2019D00468,https://zoek.officielebekendmakingen.nl/kv-tk-2019Z00197
2019-01-10,2019D00463,https://zoek.officielebekendmakingen.nl/kv-tk-2019Z00193
2019-01-10,2019D00470,https://zoek.officielebekendmakingen.nl/kv-tk-2019Z00199
2019-01-10,2019D00472,https://zoek.officielebekendmakingen.nl/kv-tk-2019Z00201
2019-01-10,2019D00474,https://zoek.officielebekendmakingen.nl/kv-tk-2019Z00203
2019-01-10,2019D00471,https://zoek.officielebekendmakingen.nl/kv-tk-2019Z00200
2019-01-11,2019D00603,https://zoek.officielebekendmakingen.nl/kv-tk-2019Z00253
2019-01-11,2019D00604,https://zoek.officielebekendmakingen.nl/kv-tk-2019Z00254
2019-01-11,2019D00606,https://zoek.officielebekendmakingen.nl/kv-tk-2019Z00255
2019-01-14,2019D00768,https://zoek.officielebekendmakingen.nl/kv-tk-2019Z00324
2019-01-14,2019D00771,https://zoek.officielebekendmakingen.nl/kv-tk-2019Z00327
2019-01-14,2019D00762,https://zoek.officielebekendmakingen.nl/kv-tk-2019Z00316
2019-01-14,2019D00763,https://zoek.officielebekendmakingen.nl/kv-tk-2019Z00317
2019-01-14,2019D00769,https://zoek.officielebekendmakingen.nl/kv-tk-2019Z00325
2019-01-14,2019D00766,https://zoek.officielebekendmakingen.nl/kv-tk-2019Z00319
2019-01-14,2019D00773,https://zoek.officielebekendmakingen.nl/kv-tk-2019Z00328
2019-01-14,2019D00767,https://zoek.officielebekendmakingen.nl/kv-tk-2019Z00323
2019-01-14,2019D00770,https://zoek.officielebekendmakingen.nl/kv-tk-2019Z00326
2019-01-14,2019D00765,https://zoek.officielebekendmakingen.nl/kv-tk-2019Z00318
2019-01-15,2019D01002,https://zoek.officielebekendmakingen.nl/kv-tk-2019Z00405
2019-01-15,2019D01005,https://zoek.officielebekendmakingen.nl/kv-tk-2019Z00408
2019-01-15,2019D01006,https://zoek.officielebekendmakingen.nl/kv-tk-2019Z00409
2019-01-15,2019D01004,https://zoek.officielebekendmakingen.nl/kv-tk-2019Z00407
2019-01-15,2019D01007,https://zoek.officielebekendmakingen.nl/kv-tk-2019Z00410
2019-01-16,2019D01195,https://zoek.officielebekendmakingen.nl/kv-tk-2019Z00515
2019-01-16,2019D01201,https://zoek.officielebekendmakingen.nl/kv-tk-2019Z00520
2019-01-16,2019D01196,https://zoek.officielebekendmakingen.nl/kv-tk-2019Z00516
2019-01-16,2019D01187,https://zoek.officielebekendmakingen.nl/kv-tk-2019Z00511
2019-01-16,2019D01189,https://zoek.officielebekendmakingen.nl/kv-tk-2019Z00513
2019-01-16,2019D01205,https://zoek.officielebekendmakingen.nl/kv-tk-2019Z00523
2019-01-16,2019D01203,https://zoek.officielebekendmakingen.nl/kv-tk-2019Z00521
2019-01-16,2019D01194,https://zoek.officielebekendmakingen.nl/kv-tk-2019Z00514
2019-01-16,2019D01209,https://zoek.officielebekendmakingen.nl/kv-tk-2019Z00528
2019-01-16,2019D01197,https://zoek.officielebekendmakingen.nl/kv-tk-2019Z00517
2019-01-16,2019D01210,https://zoek.officielebekendmakingen.nl/kv-tk-2019Z00529
2019-01-16,2019D01200,https://zoek.officielebekendmakingen.nl/kv-tk-2019Z00519
2019-01-16,2019D01188,https://zoek.officielebekendmakingen.nl/kv-tk-2019Z00512
2019-01-16,2019D01206,https://zoek.officielebekendmakingen.nl/kv-tk-2019Z00524
2019-01-16,2019D01207,https://zoek.officielebekendmakingen.nl/kv-tk-2019Z00526
2019-01-17,2019D01487,https://zoek.officielebekendmakingen.nl/kv-tk-2019Z00646
2019-01-17,2019D01495,https://zoek.officielebekendmakingen.nl/kv-tk-2019Z00654
2019-01-17,2019D01486,https://zoek.officielebekendmakingen.nl/kv-tk-2019Z00645
2019-01-17,2019D01490,https://zoek.officielebekendmakingen.nl/kv-tk-2019Z00651
2019-01-17,2019D01501,https://zoek.officielebekendmakingen.nl/kv-tk-2019Z00657
2019-01-17,2019D01488,https://zoek.officielebekendmakingen.nl/kv-tk-2019Z00647
2019-01-17,2019D01489,https://zoek.officielebekendmakingen.nl/kv-tk-2019Z00650
2019-01-17,2019D01506,https://zoek.officielebekendmakingen.nl/kv-tk-2019Z00661
2019-01-17,2019D01505,https://zoek.officielebekendmakingen.nl/kv-tk-2019Z00660
2019-01-17,2019D01479,https://zoek.officielebekendmakingen.nl/kv-tk-2019Z00639
2019-01-17,2019D01507,https://zoek.officielebekendmakingen.nl/kv-tk-2019Z00662
2019-01-17,2019D01504,https://zoek.officielebekendmakingen.nl/kv-tk-2019Z00659
2019-01-17,2019D01482,https://zoek.officielebekendmakingen.nl/kv-tk-2019Z00641
2019-01-17,2019D01499,https://zoek.officielebekendmakingen.nl/kv-tk-2019Z00656
2019-01-17,2019D01485,https://zoek.officielebekendmakingen.nl/kv-tk-2019Z00643
2019-01-17,2019D01493,https://zoek.officielebekendmakingen.nl/kv-tk-2019Z00653
2019-01-17,2019D01496,https://zoek.officielebekendmakingen.nl/kv-tk-2019Z00655
2019-01-17,2019D01491,https://zoek.officielebekendmakingen.nl/kv-tk-2019Z00652
2019-01-17,2019D01480,https://zoek.officielebekendmakingen.nl/kv-tk-2019Z00640
2019-01-17,2019D01483,https://zoek.officielebekendmakingen.nl/kv-tk-2019Z00642
2019-01-17,2019D01502,https://zoek.officielebekendmakingen.nl/kv-tk-2019Z00658
2019-01-18,2019D01712,https://zoek.officielebekendmakingen.nl/kv-tk-2019Z00773
2019-01-18,2019D01705,https://zoek.officielebekendmakingen.nl/kv-tk-2019Z00766
2019-01-18,2019D01698,https://zoek.officielebekendmakingen.nl/kv-tk-2019Z00758
2019-01-18,2019D01707,https://zoek.officielebekendmakingen.nl/kv-tk-2019Z00767
2019-01-18,2019D01697,https://zoek.officielebekendmakingen.nl/kv-tk-2019Z00756
2019-01-18,2019D01709,https://zoek.officielebekendmakingen.nl/kv-tk-2019Z00770
2019-01-18,2019D01704,https://zoek.officielebekendmakingen.nl/kv-tk-2019Z00765
2019-01-18,2019D01710,https://zoek.officielebekendmakingen.nl/kv-tk-2019Z00771
2019-01-18,2019D01703,https://zoek.officielebekendmakingen.nl/kv-tk-2019Z00764
2019-01-18,2019D01711,https://zoek.officielebekendmakingen.nl/kv-tk-2019Z00772
2019-01-18,2019D01714,https://zoek.officielebekendmakingen.nl/kv-tk-2019Z00774
2019-01-18,2019D01708,https://zoek.officielebekendmakingen.nl/kv-tk-2019Z00769
2019-01-18,2019D01696,https://zoek.officielebekendmakingen.nl/kv-tk-2019Z00755
2019-01-18,2019D01695,https://zoek.officielebekendmakingen.nl/kv-tk-2019Z00754
2019-01-18,2019D01715,https://zoek.officielebekendmakingen.nl/kv-tk-2019Z00776
2019-01-18,2019D01700,https://zoek.officielebekendmakingen.nl/kv-tk-2019Z00760
2019-01-18,2019D01699,https://zoek.officielebekendmakingen.nl/kv-tk-2019Z00759
2019-01-18,2019D01701,https://zoek.officielebekendmakingen.nl/kv-tk-2019Z00761
2019-01-18,2019D01702,https://zoek.officielebekendmakingen.nl/kv-tk-2019Z00763
2019-01-18,2019D01694,https://zoek.officielebekendmakingen.nl/kv-tk-2019Z00752
2019-01-21,2019D01939,https://zoek.officielebekendmakingen.nl/kv-tk-2019Z00856
2019-01-21,2019D01932,https://zoek.officielebekendmakingen.nl/kv-tk-2019Z00852
2019-01-21,2019D01937,https://zoek.officielebekendmakingen.nl/kv-tk-2019Z00855
2019-01-21,2019D01934,https://zoek.officielebekendmakingen.nl/kv-tk-2019Z00853
2019-01-21,2019D01936,https://zoek.officielebekendmakingen.nl/kv-tk-2019Z00854
2019-01-21,2019D01929,https://zoek.officielebekendmakingen.nl/kv-tk-2019Z00850
2019-01-21,2019D01928,https://zoek.officielebekendmakingen.nl/kv-tk-2019Z00849
2019-01-21,2019D01930,https://zoek.officielebekendmakingen.nl/kv-tk-2019Z00851
2019-01-22,2019D02177,https://zoek.officielebekendmakingen.nl/kv-tk-2019Z00918
2019-01-22,2019D02182,https://zoek.officielebekendmakingen.nl/kv-tk-2019Z00921
2019-01-22,2019D02191,https://zoek.officielebekendmakingen.nl/kv-tk-2019Z00931
2019-01-22,2019D02185,https://zoek.officielebekendmakingen.nl/kv-tk-2019Z00927
2019-01-22,2019D02179,https://zoek.officielebekendmakingen.nl/kv-tk-2019Z00919
2019-01-22,2019D02175,https://zoek.officielebekendmakingen.nl/kv-tk-2019Z00916
2019-01-22,2019D02195,https://zoek.officielebekendmakingen.nl/kv-tk-2019Z00932
2019-01-22,2019D02198,https://zoek.officielebekendmakingen.nl/kv-tk-2019Z00942
2019-01-22,2019D02188,https://zoek.officielebekendmakingen.nl/kv-tk-2019Z00930
2019-01-22,2019D02186,https://zoek.officielebekendmakingen.nl/kv-tk-2019Z00928
2019-01-22,2019D02183,https://zoek.officielebekendmakingen.nl/kv-tk-2019Z00924
2019-01-22,2019D02176,https://zoek.officielebekendmakingen.nl/kv-tk-2019Z00917
2019-01-22,2019D02196,https://zoek.officielebekendmakingen.nl/kv-tk-2019Z00933
2019-01-22,2019D02184,https://zoek.officielebekendmakingen.nl/kv-tk-2019Z00925
2019-01-22,2019D02181,https://zoek.officielebekendmakingen.nl/kv-tk-2019Z00920
2019-01-22,2019D02197,https://zoek.officielebekendmakingen.nl/kv-tk-2019Z00935
2019-01-22,2019D02199,https://zoek.officielebekendmakingen.nl/kv-tk-2019Z00947
2019-01-23,2019D02367,https://zoek.officielebekendmakingen.nl/kv-tk-2019Z01037
2019-01-23,2019D02370,https://zoek.officielebekendmakingen.nl/kv-tk-2019Z01039
2019-01-23,2019D02374,https://zoek.officielebekendmakingen.nl/kv-tk-2019Z01042
2019-01-23,2019D02375,https://zoek.officielebekendmakingen.nl/kv-tk-2019Z01043
2019-01-23,2019D02373,https://zoek.officielebekendmakingen.nl/kv-tk-2019Z01041
2019-01-23,2019D02369,https://zoek.officielebekendmakingen.nl/kv-tk-2019Z01038
2019-01-23,2019D02372,https://zoek.officielebekendmakingen.nl/kv-tk-2019Z01040
2019-01-24,2019D02704,https://zoek.officielebekendmakingen.nl/kv-tk-2019Z01188
2019-01-24,2019D02680,https://zoek.officielebekendmakingen.nl/kv-tk-2019Z01170
2019-01-24,2019D02693,https://zoek.officielebekendmakingen.nl/kv-tk-2019Z01176
2019-01-24,2019D02697,https://zoek.officielebekendmakingen.nl/kv-tk-2019Z01177
2019-01-24,2019D02701,https://zoek.officielebekendmakingen.nl/kv-tk-2019Z01187
2019-01-24,2019D02678,https://zoek.officielebekendmakingen.nl/kv-tk-2019Z01168
2019-01-24,2019D02692,https://zoek.officielebekendmakingen.nl/kv-tk-2019Z01175
2019-01-24,2019D02705,https://zoek.officielebekendmakingen.nl/kv-tk-2019Z01189
2019-01-24,2019D02699,https://zoek.officielebekendmakingen.nl/kv-tk-2019Z01178
2019-01-24,2019D02686,https://zoek.officielebekendmakingen.nl/kv-tk-2019Z01172
2019-01-24,2019D02709,https://zoek.officielebekendmakingen.nl/kv-tk-2019Z01192
2019-01-24,2019D02710,https://zoek.officielebekendmakingen.nl/kv-tk-2019Z01193
2019-01-24,2019D02707,https://zoek.officielebekendmakingen.nl/kv-tk-2019Z01191
2019-01-24,2019D02690,https://zoek.officielebekendmakingen.nl/kv-tk-2019Z01174
2019-01-24,2019D02713,https://zoek.officielebekendmakingen.nl/kv-tk-2019Z01194
2019-01-24,2019D02684,https://zoek.officielebekendmakingen.nl/kv-tk-2019Z01171
2019-01-25,2019D02966,https://zoek.officielebekendmakingen.nl/kv-tk-2019Z01312
2019-01-25,2019D02951,https://zoek.officielebekendmakingen.nl/kv-tk-2019Z01299
2019-01-25,2019D02946,https://zoek.officielebekendmakingen.nl/kv-tk-2019Z01298
2019-01-25,2019D02945,https://zoek.officielebekendmakingen.nl/kv-tk-2019Z01297
2019-01-25,2019D02978,https://zoek.officielebekendmakingen.nl/kv-tk-2019Z01315
2019-01-25,2019D02960,https://zoek.officielebekendmakingen.nl/kv-tk-2019Z01306
2019-01-25,2019D02953,https://zoek.officielebekendmakingen.nl/kv-tk-2019Z01300
2019-01-25,2019D02982,https://zoek.officielebekendmakingen.nl/kv-tk-2019Z01317
2019-01-25,2019D02963,https://zoek.officielebekendmakingen.nl/kv-tk-2019Z01308
2019-01-25,2019D02962,https://zoek.officielebekendmakingen.nl/kv-tk-2019Z01307
2019-01-25,2019D02958,https://zoek.officielebekendmakingen.nl/kv-tk-2019Z01304
2019-01-25,2019D02980,https://zoek.officielebekendmakingen.nl/kv-tk-2019Z01316
2019-01-25,2019D02957,https://zoek.officielebekendmakingen.nl/kv-tk-2019Z01303
2019-01-25,2019D02954,https://zoek.officielebekendmakingen.nl/kv-tk-2019Z01301
2019-01-25,2019D02967,https://zoek.officielebekendmakingen.nl/kv-tk-2019Z01311
2019-01-25,2019D02968,https://zoek.officielebekendmakingen.nl/kv-tk-2019Z01313
2019-01-25,2019D02955,https://zoek.officielebekendmakingen.nl/kv-tk-2019Z01302
2019-01-25,2019D02977,https://zoek.officielebekendmakingen.nl/kv-tk-2019Z01314
2019-01-25,2019D02965,https://zoek.officielebekendmakingen.nl/kv-tk-2019Z01310
2019-01-25,2019D02959,https://zoek.officielebekendmakingen.nl/kv-tk-2019Z01305
2019-01-28,2019D03185,https://zoek.officielebekendmakingen.nl/kv-tk-2019Z01406
2019-01-28,2019D03186,https://zoek.officielebekendmakingen.nl/kv-tk-2019Z01407
2019-01-28,2019D03190,https://zoek.officielebekendmakingen.nl/kv-tk-2019Z01410
2019-01-28,2019D03189,https://zoek.officielebekendmakingen.nl/kv-tk-2019Z01408
2019-01-28,2019D03196,https://zoek.officielebekendmakingen.nl/kv-tk-2019Z01411
2019-01-28,2019D03192,https://zoek.officielebekendmakingen.nl/kv-tk-2019Z01413
2019-01-28,2019D03191,https://zoek.officielebekendmakingen.nl/kv-tk-2019Z01412
2019-01-28,2019D03194,https://zoek.officielebekendmakingen.nl/kv-tk-2019Z01414
2019-01-29,2019D03396,https://zoek.officielebekendmakingen.nl/kv-tk-2019Z01484
2019-01-29,2019D03397,https://zoek.officielebekendmakingen.nl/kv-tk-2019Z01487
2019-01-29,2019D03399,https://zoek.officielebekendmakingen.nl/kv-tk-2019Z01489
2019-01-29,2019D03398,https://zoek.officielebekendmakingen.nl/kv-tk-2019Z01488
2019-01-29,2019D03400,https://zoek.officielebekendmakingen.nl/kv-tk-2019Z01490
2019-01-29,2019D03403,https://zoek.officielebekendmakingen.nl/kv-tk-2019Z01491
2019-01-29,2019D03395,https://zoek.officielebekendmakingen.nl/kv-tk-2019Z01480
2019-01-30,2019D03651,https://zoek.officielebekendmakingen.nl/kv-tk-2019Z01631
2019-01-30,2019D03634,https://zoek.officielebekendmakingen.nl/kv-tk-2019Z01619
2019-01-30,2019D03649,https://zoek.officielebekendmakingen.nl/kv-tk-2019Z01630
2019-01-30,2019D03630,https://zoek.officielebekendmakingen.nl/kv-tk-2019Z01614
2019-01-30,2019D03633,https://zoek.officielebekendmakingen.nl/kv-tk-2019Z01617
2019-01-30,2019D03648,https://zoek.officielebekendmakingen.nl/kv-tk-2019Z01629
2019-01-30,2019D03654,https://zoek.officielebekendmakingen.nl/kv-tk-2019Z01633
2019-01-30,2019D03645,https://zoek.officielebekendmakingen.nl/kv-tk-2019Z01627
2019-01-30,2019D03652,https://zoek.officielebekendmakingen.nl/kv-tk-2019Z01632
2019-01-30,2019D03632,https://zoek.officielebekendmakingen.nl/kv-tk-2019Z01616
2019-01-30,2019D03655,https://zoek.officielebekendmakingen.nl/kv-tk-2019Z01634
2019-01-30,2019D03629,https://zoek.officielebekendmakingen.nl/kv-tk-2019Z01613
2019-01-30,2019D03637,https://zoek.officielebekendmakingen.nl/kv-tk-2019Z01623
2019-01-30,2019D03639,https://zoek.officielebekendmakingen.nl/kv-tk-2019Z01624
2019-01-30,2019D03628,https://zoek.officielebekendmakingen.nl/kv-tk-2019Z01612
2019-01-30,2019D03631,https://zoek.officielebekendmakingen.nl/kv-tk-2019Z01615
2019-01-30,2019D03635,https://zoek.officielebekendmakingen.nl/kv-tk-2019Z01620
2019-01-30,2019D03643,https://zoek.officielebekendmakingen.nl/kv-tk-2019Z01626
2019-01-30,2019D03636,https://zoek.officielebekendmakingen.nl/kv-tk-2019Z01622
2019-01-30,2019D03646,https://zoek.officielebekendmakingen.nl/kv-tk-2019Z01628
2019-01-30,2019D03626,https://zoek.officielebekendmakingen.nl/kv-tk-2019Z01611
2019-01-31,2019D03845,https://zoek.officielebekendmakingen.nl/kv-tk-2019Z01727
2019-01-31,2019D03859,https://zoek.officielebekendmakingen.nl/kv-tk-2019Z01738
2019-01-31,2019D03851,https://zoek.officielebekendmakingen.nl/kv-tk-2019Z01733
2019-01-31,2019D03847,https://zoek.officielebekendmakingen.nl/kv-tk-2019Z01729
2019-01-31,2019D03856,https://zoek.officielebekendmakingen.nl/kv-tk-2019Z01736
2019-01-31,2019D03852,https://zoek.officielebekendmakingen.nl/kv-tk-2019Z01734
2019-01-31,2019D03843,https://zoek.officielebekendmakingen.nl/kv-tk-2019Z01726
2019-01-31,2019D03846,https://zoek.officielebekendmakingen.nl/kv-tk-2019Z01728
2019-01-31,2019D03839,https://zoek.officielebekendmakingen.nl/kv-tk-2019Z01723
2019-01-31,2019D03849,https://zoek.officielebekendmakingen.nl/kv-tk-2019Z01731
2019-01-31,2019D03850,https://zoek.officielebekendmakingen.nl/kv-tk-2019Z01732
2019-01-31,2019D03855,https://zoek.officielebekendmakingen.nl/kv-tk-2019Z01735
2019-01-31,2019D03842,https://zoek.officielebekendmakingen.nl/kv-tk-2019Z01725
2019-01-31,2019D03837,https://zoek.officielebekendmakingen.nl/kv-tk-2019Z01722
2019-01-31,2019D03841,https://zoek.officielebekendmakingen.nl/kv-tk-2019Z01724
2019-01-31,2019D03858,https://zoek.officielebekendmakingen.nl/kv-tk-2019Z01737
2019-02-01,2019D04041,https://zoek.officielebekendmakingen.nl/kv-tk-2019Z01843
2019-02-01,2019D04050,https://zoek.officielebekendmakingen.nl/kv-tk-2019Z01849
2019-02-01,2019D04046,https://zoek.officielebekendmakingen.nl/kv-tk-2019Z01845
2019-02-01,2019D04053,https://zoek.officielebekendmakingen.nl/kv-tk-2019Z01852
2019-02-01,2019D04044,https://zoek.officielebekendmakingen.nl/kv-tk-2019Z01844
2019-02-01,2019D04048,https://zoek.officielebekendmakingen.nl/kv-tk-2019Z01847
2019-02-01,2019D04040,https://zoek.officielebekendmakingen.nl/kv-tk-2019Z01842
2019-02-01,2019D04049,https://zoek.officielebekendmakingen.nl/kv-tk-2019Z01848
2019-02-01,2019D04052,https://zoek.officielebekendmakingen.nl/kv-tk-2019Z01851
2019-02-01,2019D04047,https://zoek.officielebekendmakingen.nl/kv-tk-2019Z01846
2019-02-01,2019D04051,https://zoek.officielebekendmakingen.nl/kv-tk-2019Z01850
2019-02-04,2019D04346,https://zoek.officielebekendmakingen.nl/kv-tk-2019Z01946
2019-02-04,2019D04344,https://zoek.officielebekendmakingen.nl/kv-tk-2019Z01944
2019-02-04,2019D04348,https://zoek.officielebekendmakingen.nl/kv-tk-2019Z01947
2019-02-04,2019D04353,https://zoek.officielebekendmakingen.nl/kv-tk-2019Z01951
2019-02-04,2019D04351,https://zoek.officielebekendmakingen.nl/kv-tk-2019Z01950
2019-02-04,2019D04350,https://zoek.officielebekendmakingen.nl/kv-tk-2019Z01949
2019-02-04,2019D04349,https://zoek.officielebekendmakingen.nl/kv-tk-2019Z01948
2019-02-04,2019D04345,https://zoek.officielebekendmakingen.nl/kv-tk-2019Z01945
2019-02-05,2019D04585,https://zoek.officielebekendmakingen.nl/kv-tk-2019Z02018
2019-02-05,2019D04604,https://zoek.officielebekendmakingen.nl/kv-tk-2019Z02031
2019-02-05,2019D04597,https://zoek.officielebekendmakingen.nl/kv-tk-2019Z02027
2019-02-05,2019D04600,https://zoek.officielebekendmakingen.nl/kv-tk-2019Z02029
2019-02-05,2019D04593,https://zoek.officielebekendmakingen.nl/kv-tk-2019Z02024
2019-02-05,2019D04611,https://zoek.officielebekendmakingen.nl/kv-tk-2019Z02041
2019-02-05,2019D04591,https://zoek.officielebekendmakingen.nl/kv-tk-2019Z02023
2019-02-05,2019D04599,https://zoek.officielebekendmakingen.nl/kv-tk-2019Z02028
2019-02-05,2019D04584,https://zoek.officielebekendmakingen.nl/kv-tk-2019Z02015
2019-02-05,2019D04588,https://zoek.officielebekendmakingen.nl/kv-tk-2019Z02021
2019-02-05,2019D04596,https://zoek.officielebekendmakingen.nl/kv-tk-2019Z02026
2019-02-05,2019D04607,https://zoek.officielebekendmakingen.nl/kv-tk-2019Z02040
2019-02-05,2019D04583,https://zoek.officielebekendmakingen.nl/kv-tk-2019Z02013
2019-02-05,2019D04605,https://zoek.officielebekendmakingen.nl/kv-tk-2019Z02032
2019-02-05,2019D04587,https://zoek.officielebekendmakingen.nl/kv-tk-2019Z02020
2019-02-05,2019D04603,https://zoek.officielebekendmakingen.nl/kv-tk-2019Z02030
2019-02-05,2019D04589,https://zoek.officielebekendmakingen.nl/kv-tk-2019Z02022
2019-02-05,2019D04594,https://zoek.officielebekendmakingen.nl/kv-tk-2019Z02025
2019-02-05,2019D04586,https://zoek.officielebekendmakingen.nl/kv-tk-2019Z02019
2019-02-05,2019D04606,https://zoek.officielebekendmakingen.nl/kv-tk-2019Z02033
2019-02-06,2019D04932,https://zoek.officielebekendmakingen.nl/kv-tk-2019Z02165
2019-02-06,2019D04926,https://zoek.officielebekendmakingen.nl/kv-tk-2019Z02157
2019-02-06,2019D04935,https://zoek.officielebekendmakingen.nl/kv-tk-2019Z02166
2019-02-06,2019D04930,https://zoek.officielebekendmakingen.nl/kv-tk-2019Z02163
2019-02-06,2019D04929,https://zoek.officielebekendmakingen.nl/kv-tk-2019Z02161
2019-02-06,2019D04940,https://zoek.officielebekendmakingen.nl/kv-tk-2019Z02173
2019-02-06,2019D04931,https://zoek.officielebekendmakingen.nl/kv-tk-2019Z02164
2019-02-06,2019D04942,https://zoek.officielebekendmakingen.nl/kv-tk-2019Z02216
2019-02-06,2019D04928,https://zoek.officielebekendmakingen.nl/kv-tk-2019Z02159
2019-02-06,2019D04939,https://zoek.officielebekendmakingen.nl/kv-tk-2019Z02171
2019-02-06,2019D04936,https://zoek.officielebekendmakingen.nl/kv-tk-2019Z02168
2019-02-06,2019D04937,https://zoek.officielebekendmakingen.nl/kv-tk-2019Z02170
2019-02-06,2019D04927,https://zoek.officielebekendmakingen.nl/kv-tk-2019Z02158
2019-02-06,2019D04941,https://zoek.officielebekendmakingen.nl/kv-tk-2019Z02175
2019-02-07,2019D05254,https://zoek.officielebekendmakingen.nl/kv-tk-2019Z02368
2019-02-07,2019D05277,https://zoek.officielebekendmakingen.nl/kv-tk-2019Z02391
2019-02-07,2019D05263,https://zoek.officielebekendmakingen.nl/kv-tk-2019Z02379
2019-02-07,2019D05252,https://zoek.officielebekendmakingen.nl/kv-tk-2019Z02366
2019-02-07,2019D05278,https://zoek.officielebekendmakingen.nl/kv-tk-2019Z02393
2019-02-07,2019D05273,https://zoek.officielebekendmakingen.nl/kv-tk-2019Z02387
2019-02-07,2019D05250,https://zoek.officielebekendmakingen.nl/kv-tk-2019Z02363
2019-02-07,2019D05279,https://zoek.officielebekendmakingen.nl/kv-tk-2019Z02396
2019-02-07,2019D05270,https://zoek.officielebekendmakingen.nl/kv-tk-2019Z02383
2019-02-07,2019D05253,https://zoek.officielebekendmakingen.nl/kv-tk-2019Z02367
2019-02-07,2019D05255,https://zoek.officielebekendmakingen.nl/kv-tk-2019Z02369
2019-02-07,2019D05264,https://zoek.officielebekendmakingen.nl/kv-tk-2019Z02380
2019-02-07,2019D05258,https://zoek.officielebekendmakingen.nl/kv-tk-2019Z02374
2019-02-07,2019D05256,https://zoek.officielebekendmakingen.nl/kv-tk-2019Z02372
2019-02-07,2019D05276,https://zoek.officielebekendmakingen.nl/kv-tk-2019Z02390
2019-02-07,2019D05251,https://zoek.officielebekendmakingen.nl/kv-tk-2019Z02364
2019-02-07,2019D05257,https://zoek.officielebekendmakingen.nl/kv-tk-2019Z02373
2019-02-07,2019D05261,https://zoek.officielebekendmakingen.nl/kv-tk-2019Z02377
2019-02-07,2019D05248,https://zoek.officielebekendmakingen.nl/kv-tk-2019Z02361
2019-02-07,2019D05275,https://zoek.officielebekendmakingen.nl/kv-tk-2019Z02389
2019-02-07,2019D05268,https://zoek.officielebekendmakingen.nl/kv-tk-2019Z02382
2019-02-07,2019D05260,https://zoek.officielebekendmakingen.nl/kv-tk-2019Z02376
2019-02-07,2019D05271,https://zoek.officielebekendmakingen.nl/kv-tk-2019Z02384
2019-02-07,2019D05272,https://zoek.officielebekendmakingen.nl/kv-tk-2019Z02386
2019-02-07,2019D05259,https://zoek.officielebekendmakingen.nl/kv-tk-2019Z02375
2019-02-07,2019D05274,https://zoek.officielebekendmakingen.nl/kv-tk-2019Z02388
2019-02-07,2019D05262,https://zoek.officielebekendmakingen.nl/kv-tk-2019Z02378
2019-02-07,2019D05266,https://zoek.officielebekendmakingen.nl/kv-tk-2019Z02381
2019-02-07,2019D05249,https://zoek.officielebekendmakingen.nl/kv-tk-2019Z02362
2019-02-08,2019D05466,https://zoek.officielebekendmakingen.nl/kv-tk-2019Z02477
2019-02-08,2019D05449,https://zoek.officielebekendmakingen.nl/kv-tk-2019Z02468
2019-02-08,2019D05468,https://zoek.officielebekendmakingen.nl/kv-tk-2019Z02479
2019-02-08,2019D05456,https://zoek.officielebekendmakingen.nl/kv-tk-2019Z02475
2019-02-08,2019D05451,https://zoek.officielebekendmakingen.nl/kv-tk-2019Z02470
2019-02-08,2019D05457,https://zoek.officielebekendmakingen.nl/kv-tk-2019Z02476
2019-02-08,2019D05453,https://zoek.officielebekendmakingen.nl/kv-tk-2019Z02472
2019-02-08,2019D05455,https://zoek.officielebekendmakingen.nl/kv-tk-2019Z02474
2019-02-08,2019D05452,https://zoek.officielebekendmakingen.nl/kv-tk-2019Z02471
2019-02-08,2019D05469,https://zoek.officielebekendmakingen.nl/kv-tk-2019Z02480
2019-02-08,2019D05450,https://zoek.officielebekendmakingen.nl/kv-tk-2019Z02469
2019-02-08,2019D05454,https://zoek.officielebekendmakingen.nl/kv-tk-2019Z02473
2019-02-08,2019D05467,https://zoek.officielebekendmakingen.nl/kv-tk-2019Z02478
2019-02-11,2019D05639,https://zoek.officielebekendmakingen.nl/kv-tk-2019Z02541
2019-02-11,2019D05641,https://zoek.officielebekendmakingen.nl/kv-tk-2019Z02544
2019-02-11,2019D05640,https://zoek.officielebekendmakingen.nl/kv-tk-2019Z02543
2019-02-11,2019D05638,https://zoek.officielebekendmakingen.nl/kv-tk-2019Z02539
2019-02-11,2019D05644,https://zoek.officielebekendmakingen.nl/kv-tk-2019Z02548
2019-02-11,2019D05642,https://zoek.officielebekendmakingen.nl/kv-tk-2019Z02545
2019-02-12,2019D05857,https://zoek.officielebekendmakingen.nl/kv-tk-2019Z02662
2019-02-12,2019D05861,https://zoek.officielebekendmakingen.nl/kv-tk-2019Z02664
2019-02-12,2019D05862,https://zoek.officielebekendmakingen.nl/kv-tk-2019Z02665
2019-02-12,2019D05852,https://zoek.officielebekendmakingen.nl/kv-tk-2019Z02656
2019-02-12,2019D05865,https://zoek.officielebekendmakingen.nl/kv-tk-2019Z02667
2019-02-12,2019D05853,
2019-02-12,2019D05869,https://zoek.officielebekendmakingen.nl/kv-tk-2019Z02678
2019-02-12,2019D05851,https://zoek.officielebekendmakingen.nl/kv-tk-2019Z02654
2019-02-12,2019D05868,https://zoek.officielebekendmakingen.nl/kv-tk-2019Z02668
2019-02-12,2019D05860,https://zoek.officielebekendmakingen.nl/kv-tk-2019Z02663
2019-02-12,2019D05864,https://zoek.officielebekendmakingen.nl/kv-tk-2019Z02666
2019-02-13,2019D06114,
2019-02-13,2019D06106,
2019-02-13,2019D06104,
2019-02-13,2019D06109,
2019-02-13,2019D06102,
2019-02-13,2019D06100,
2019-02-13,2019D06101,
2019-02-13,2019D06107,
2019-02-13,2019D06099,
2019-02-13,2019D06113,
2019-02-13,2019D06108,
2019-02-13,2019D06097,
2019-02-13,2019D06111,
